SID,SEASON,NUMBER,BASIN,SUBBASIN,NAME,ISO_TIME,NATURE,LAT,LON,WMO_WIND,WMO_PRES,WMO_AGENCY,TRACK_TYPE,DIST2LAND,LANDFALL,IFLAG,USA_AGENCY,USA_ATCF_ID,USA_LAT,USA_LON,USA_RECORD,USA_STATUS,USA_WIND,USA_PRES,USA_SSHS,USA_R34_NE,USA_R34_SE,USA_R34_SW,USA_R34_NW,USA_R50_NE,USA_R50_SE,USA_R50_SW,USA_R50_NW,USA_R64_NE,USA_R64_SE,USA_R64_SW,USA_R64_NW,USA_POCI,USA_ROCI,USA_RMW,USA_EYE,DS824_LAT,DS824_LON,DS824_STAGE,DS824_WIND,DS824_PRES,TD9636_LAT,TD9636_LON,TD9636_STAGE,TD9636_WIND,USA_GUST,USA_SEAHGT,USA_SEARAD_NE,USA_SEARAD_SE,USA_SEARAD_SW,USA_SEARAD_NW,STORM_SPEED,STORM_DIR,Month,ENSO_Value_x,ENSO_Value_y,ENSO_Value,SST
1950224N17305,1950,58,,,ABLE,1950-08-19 18:00:00,TS,31.7,-75.5,110, ,hurdat_atl,main,338,296,O_____________,hurdat_atl,AL011950,31.7,-75.5, ,HU,110.0, ,3.0, , , , , , , , , , , , , , , , , , , , , , , , , , , , , , , ,10,5,Aug,1.07,1.07,1.07,22.936575
1950231N12306,1950,63,,GM,BAKER,1950-08-30 00:00:00,TS,24.7,-88.6,90, ,hurdat_atl,main,357,357,O_____________,hurdat_atl,AL021950,24.7,-88.6, ,HU,90.0, ,2.0, , , , , , , , , , , , , , , , , , , , , , , , , , , , , , , ,8,347,Aug,1.07,1.07,1.07,25.6847
1950234N11334,1950,65,,,CHARLIE,1950-08-31 12:00:00,TS,32.8,-56.7,95, ,hurdat_atl,main,1406,1392,O_____________,hurdat_atl,AL031950,32.8,-56.7, ,HU,95.0, ,2.0, , , , , , , , , , , , , , , , , , , , , , , , , , , , , , , ,4,271,Aug,1.07,1.07,1.07,21.089432
1950243N15304,1950,68,,,DOG,1950-09-05 12:00:00,TS,24.6,-67.7,125, ,hurdat_atl,main,607,607,O_____________,hurdat_atl,AL041950,24.6,-67.7, ,HU,125.0, ,4.0, , , , , , , , , , , , , , , , , , , , , , , , , , , , , , , ,7,325,Sep,1.32,1.32,1.32,25.274477
1950244N20277,1950,69,,GM,EASY,1950-09-05 06:00:00,TS,28.5,-83.3,105, ,hurdat_atl,main,62,48,O_____________,hurdat_atl,AL051950,28.5,-83.3, ,HU,105.0, ,3.0, , , , , , , , , , , , , , , , , , , , , , , , , , , , , , , ,5,42,Sep,1.32,1.32,1.32,22.030354
1950251N16319,1950,73,,,FOX,1950-09-14 18:00:00,TS,24.9,-59.4,120, ,hurdat_atl,main,968,968,O_____________,hurdat_atl,AL061950,24.9,-59.4, ,HU,120.0, ,4.0, , , , , , , , , , , , , , , , , , , , , , , , , , , , , , , ,10,338,Sep,1.32,1.32,1.32,24.86796
1950270N25309,1950,84,,,GEORGE,1950-10-03 18:00:00,TS,32.9,-67.8,95, ,hurdat_atl,main,775,730,O_____________,hurdat_atl,AL071950,32.9,-67.8, ,HU,95.0, ,2.0, , , , , , , , , , , , , , , , , , , , , , , , , , , , , , , ,12,348,Oct,1.56,1.56,1.56,20.635746
1950281N23270,1950,88,,GM,ITEM,1950-10-10 18:00:00,TS,19.4,-95.4,90,980,hurdat_atl,main,74,59,O_____________,hurdat_atl,AL091950,19.4,-95.4, ,HU,90.0,980,2.0, , , , , , , , , , , , , , , , , , , , , , , , , , , , , , , ,4,218,Oct,1.56,1.56,1.56,25.740028
1950285N22313,1950,90,,,JIG,1950-10-15 12:00:00,TS,33.0,-59.7,100, ,hurdat_atl,main,1265,1231,O_____________,hurdat_atl,AL101950,33.0,-59.7, ,HU,100.0, ,3.0, , , , , , , , , , , , , , , , , , , , , , , , , , , , , , , ,13,34,Oct,1.56,1.56,1.56,20.894299
1950286N16276,1950,92,,,KING,1950-10-18 05:00:00,TS,25.7,-80.2,115,955,hurdat_atl,main,0,0,O_____________,hurdat_atl,AL111950,25.7,-80.2,L,HU,115.0,955,4.0, , , , , , , , , , , , , , , , , , , , , , , , , , , , , , , ,13,338,Oct,1.56,1.56,1.56,24.915398
1950291N26271,1950,97,,GM,LOVE,1950-10-20 00:00:00,TS,25.4,-89.6,70,987,hurdat_atl,main,405,390,O_____________,hurdat_atl,AL131950,25.4,-89.6, ,HU,70.0,987,1.0, , , , , , , , , , , , , , , , , , , , , , , , , , , , , , , ,13,87,Oct,1.56,1.56,1.56,24.16544
1951136N32292,1951,28,,,ABLE,1951-05-22 00:00:00,TS,36.3,-73.2,80, ,hurdat_atl,main,213,213,O_____________,hurdat_atl,AL021951,36.3,-73.2, ,HU,80.0, ,1.0, , , , , , , , , , , , , , , , , , , , , , , , , , , , , , , ,6,73,May,0.75,0.75,0.75,17.323282
1951224N12316,1951,57,,CS,CHARLIE,1951-08-20 00:00:00,TS,20.2,-86.7,115, ,hurdat_atl,main,68,38,O_____________,hurdat_atl,AL041951,20.2,-86.7, ,HU,115.0, ,4.0, , , , , , , , , , , , , , , , , , , , , , , , , , , , , , , ,10,290,Aug,0.89,0.89,0.89,27.234041
1951239N12334,1951,62,,CS,DOG,1951-09-02 12:00:00,TS,14.2,-61.1,80, ,hurdat_atl,main,391,391,O_____________,hurdat_atl,AL051951,14.2,-61.1, ,HU,80.0, ,1.0, , , , , , , , , , , , , , , , , , , , , , , , , , , , , , , ,15,272,Sep,0.99,0.99,0.99,27.151123
1951244N13328,1951,65,,,EASY,1951-09-08 00:00:00,TS,26.2,-67.5,130, ,hurdat_atl,main,780,780,O_____________,hurdat_atl,AL061951,26.2,-67.5, ,HU,130.0, ,4.0, , , , , , , , , , , , , , , , , , , , , , , , , , , , , , , ,9,340,Sep,0.99,0.99,0.99,24.329573
1951246N13340,1951,66,,,FOX,1951-09-07 12:00:00,TS,22.0,-50.7,100, ,hurdat_atl,main,1605,1537,O_____________,hurdat_atl,AL071951,22.0,-50.7, ,HU,100.0, ,3.0, , , , , , , , , , , , , , , , , , , , , , , , , , , , , , , ,19,302,Sep,0.99,0.99,0.99,24.241085
1951272N20274,1951,74,,,HOW,1951-10-04 00:00:00,TS,32.8,-75.7,85, ,hurdat_atl,main,224,190,O_____________,hurdat_atl,AL091951,32.8,-75.7, ,HU,85.0, ,2.0, , , , , , , , , , , , , , , , , , , , , , , , , , , , , , , ,8,26,Oct,1.15,1.15,1.15,22.936575
1951288N28284,1951,80,,,JIG,1951-10-15 12:00:00,TS,29.0,-75.5,65, ,hurdat_atl,main,489,489,O_____________,hurdat_atl,AL111951,29.0,-75.5, ,HU,65.0, ,1.0, , , , , , , , , , , , , , , , , , , , , , , , , , , , , , , ,14,20,Oct,1.15,1.15,1.15,23.946548
1951338N39307,1951,93,,,NOT_NAMED,1951-12-07 18:00:00,TS,34.4,-46.2,70, ,hurdat_atl,main,1478,1478,O_____________,hurdat_atl,AL121951,34.4,-46.2, ,HU,70.0, ,1.0, , , , , , , , , , , , , , , , , , , , , , , , , , , , , , , ,3,216,Dec,0.81,0.81,0.81,20.69069
1952231N15341,1952,54,,,ABLE,1952-08-31 00:00:00,TS,31.7,-80.4,85, ,hurdat_atl,main,52,0,O_____________,hurdat_atl,AL021952,31.7,-80.4, ,HU,85.0, ,2.0, , , , , , , , , , , , , , , , , , , , , , , , , , , , , , , ,12,341,Aug,0.0,0.0,0.0,22.75975
1952244N15306,1952,60,,,BAKER,1952-09-07 06:00:00,TS,37.6,-66.0,95, ,hurdat_atl,main,569,564,O_____________,hurdat_atl,AL041952,37.6,-66.0, ,HU,95.0, ,2.0, , , , , , , , , , , , , , , , , , , , , , , , , , , , , , , ,22,52,Sep,0.15,0.15,0.15,18.072832
1952268N20291,1952,69,,,CHARLIE,1952-09-26 18:00:00,TS,30.3,-73.1,105, ,hurdat_atl,main,584,567,O_____________,hurdat_atl,AL061952,30.3,-73.1, ,HU,105.0, ,3.0, , , , , , , , , , , , , , , , , , , , , , , , , , , , , , , ,18,44,Sep,0.15,0.15,0.15,22.46095
1952281N15309,1952,76,,,EASY,1952-10-08 18:00:00,TS,18.0,-50.4,90,968,hurdat_atl,main,1403,1403,O_____________,hurdat_atl,AL091952,18.0,-50.4, ,HU,90.0,968,2.0, , , , , , , , , , , , , , , , , , , , , , , , , , , , , , , ,3,44,Oct,0.1,0.1,0.1,25.191166
1952295N11282,1952,83,,CS,FOX,1952-10-24 18:00:00,TS,22.0,-80.9,125,934,hurdat_atl,main,11,0,O_____________,hurdat_atl,AL101952,22.0,-80.9,L,HU,125.0,934,4.0, , , , , , , , , , , , , , , , , , , , , , , , , , , , , , , ,10,22,Oct,0.1,0.1,0.1,26.526115
1953223N23286,1953,40,,,BARBARA,1953-08-14 00:00:00,TS,34.6,-76.2,80, ,hurdat_atl,main,29,14,O_____________,hurdat_atl,AL031953,34.6,-76.2, ,HU,80.0, ,1.0, , , , , , , , , , , , , , , , , , , , , , , , , , , , , , , ,10,10,Aug,0.73,0.73,0.73,21.142387
1953240N14340,1953,48,,,CAROL,1953-09-03 12:00:00,TS,19.1,-58.7,140, ,hurdat_atl,main,730,663,O_____________,hurdat_atl,AL041953,19.1,-58.7, ,HU,140.0, ,5.0, , , , , , , , , , , , , , , , , , , , , , , , , , , , , , , ,16,303,Sep,0.78,0.78,0.78,25.559374
1953251N18295,1953,50,,,DOLLY,1953-09-10 12:00:00,TS,23.9,-70.5,65,990,hurdat_atl,main,396,396,O_____________,hurdat_atl,AL061953,23.9,-70.5, ,HU,65.0,990,1.0, , , , , , , , , , , , , , , , , , , , , , , , , , , , , , , ,10,338,Sep,0.78,0.78,0.78,25.319891
1953258N19296,1953,54,,,EDNA,1953-09-17 18:00:00,TS,30.7,-67.6,100,962,hurdat_atl,main,927,927,O_____________,hurdat_atl,AL071953,30.7,-67.6, ,HU,100.0,962,3.0, , , , , , , , , , , , , , , , , , , , , , , , , , , , , , , ,20,43,Sep,0.78,0.78,0.78,21.728323
1953267N15282,1953,59,,GM,FLORENCE,1953-09-25 18:00:00,TS,25.9,-87.5,100, ,hurdat_atl,main,380,315,O_____________,hurdat_atl,AL091953,25.9,-87.5, ,HU,100.0, ,3.0, , , , , , , , , , , , , , , , , , , , , , , , , , , , , , , ,14,9,Sep,0.78,0.78,0.78,24.800041
1953275N13325,1953,64,,,GAIL,1953-10-03 12:00:00,TS,14.8,-42.8,70,986,hurdat_atl,main,1500,1466,O_____________,hurdat_atl,AL101953,14.8,-42.8, ,HU,70.0,986,1.0, , , , , , , , , , , , , , , , , , , , , , , , , , , , , , , ,11,271,Oct,0.84,0.84,0.84,25.473099
1953280N21274,1953,68,,GM,HAZEL,1953-10-09 12:00:00,TS,26.2,-83.3,75, ,hurdat_atl,main,119,9,O_____________,hurdat_atl,AL121953,26.2,-83.3, ,HU,75.0, ,1.0, , , , , , , , , , , , , , , , , , , , , , , , , , , , , , , ,19,58,Oct,0.84,0.84,0.84,24.256256
1954176N22266,1954,23,,GM,ALICE,1954-06-25 12:00:00,TS,24.8,-97.2,95, ,hurdat_atl,main,37,0,O_____________,hurdat_atl,AL031954,24.8,-97.2, ,HU,95.0, ,2.0, , , , , , , , , , , , , , , , , , , , , , , , , , , , , , , ,11,302,Jun,-0.5,-0.5,-0.5,
1954238N24285,1954,48,,,CAROL,1954-08-31 06:00:00,TS,36.6,-74.1,100, ,hurdat_atl,main,149,149,I_____________,hurdat_atl,AL061954,36.6,-74.1, ,HU,100.0,957,3.0, , , , , , , , , , , , , , , , , , , , , , , , , , , , , , , ,29,27,Aug,-0.84,-0.84,-0.84,17.323282
1954244N21291,1954,52,,,DOLLY,1954-09-01 18:00:00,TS,31.7,-69.8,75, ,hurdat_atl,main,696,609,O_____________,hurdat_atl,AL071954,31.7,-69.8, ,HU,75.0, ,1.0, , , , , , , , , , , , , , , , , , , , , , , , , , , , , , , ,30,2,Sep,-0.9,-0.9,-0.9,20.854708
1954248N20295,1954,57,,,EDNA,1954-09-09 18:00:00,TS,28.8,-76.5,110,945,hurdat_atl,main,391,391,O_____________,hurdat_atl,AL081954,28.8,-76.5, ,HU,110.0,945,3.0, , , , , , , , , , , , , , , , , , , , , , , , , , , , , , , ,7,5,Sep,-0.9,-0.9,-0.9,23.946548
1954268N29304,1954,71,,,NOT_NAMED,1954-10-05 06:00:00,TS,35.1,-48.9,85, ,hurdat_atl,main,1328,1297,O_____________,hurdat_atl,AL131954,35.1,-48.9, ,HU,85.0, ,2.0, , , , , , , , , , , , , , , , , , , , , , , , , , , , , , , ,14,52,Oct,-0.77,-0.77,-0.77,20.130564
1954278N12302,1954,76,,,HAZEL,1954-10-15 00:00:00,TS,28.8,-76.8,115, ,hurdat_atl,main,362,325,O_____________,hurdat_atl,AL141954,28.8,-76.8, ,HU,115.0, ,4.0, , , , , , , , , , , , , , , , , , , , , , , , , , , , , , , ,21,331,Oct,-0.77,-0.77,-0.77,23.946548
1954364N22309,1954,99,,,ALICE,1955-01-01 18:00:00,TS,19.3,-59.2,80, ,hurdat_atl,main,680,615,O_____________,hurdat_atl,AL161954,19.3,-59.2, ,HU,80.0, ,1.0, , , , , , , , , , , , , , , , , , , , , , , , , , , , , , , ,13,248,Jan,0.76,0.76,0.76,25.800768
1955215N15320,1955,50,,,CONNIE,1955-08-07 18:00:00,TS,22.8,-68.8,120,944,hurdat_atl,main,378,378,O_____________,hurdat_atl,AL021955,22.8,-68.8, ,HU,120.0,944,4.0, , , , , , , , , , , , , , , , , , , , , , , , , , , , , , , ,15,310,Aug,-0.75,-0.75,-0.75,25.96793
1955219N16319,1955,52,,,DIANE,1955-08-13 18:00:00,TS,27.4,-62.6,90,969,hurdat_atl,main,1051,1024,O_____________,hurdat_atl,AL031955,27.4,-62.6, ,HU,90.0,969,2.0, , , , , , , , , , , , , , , , , , , , , , , , , , , , , , , ,11,264,Aug,-0.75,-0.75,-0.75,23.135303
1955234N11318,1955,57,,,EDITH,1955-08-30 06:00:00,TS,33.6,-60.5,85, ,hurdat_atl,main,1177,1127,O_____________,hurdat_atl,AL041955,33.6,-60.5, ,HU,85.0, ,2.0, , , , , , , , , , , , , , , , , , , , , , , , , , , , , , , ,16,34,Aug,-0.75,-0.75,-0.75,20.286707
1955245N19329,1955,65,,,FLORA,1955-09-06 18:00:00,TS,31.3,-55.2,90,967,hurdat_atl,main,1621,1578,O_____________,hurdat_atl,AL061955,31.3,-55.2, ,HU,90.0,967,2.0, , , , , , , , , , , , , , , , , , , , , , , , , , , , , , , ,8,341,Sep,-1.09,-1.09,-1.09,21.089432
1955247N20267,1955,68,,GM,GLADYS,1955-09-05 12:00:00,TS,23.0,-97.0,65,997,hurdat_atl,main,81,61,O_____________,hurdat_atl,AL071955,23.0,-97.0, ,HU,65.0,997,1.0, , , , , , , , , , , , , , , , , , , , , , , , , , , , , , , ,6,311,Sep,-1.09,-1.09,-1.09,
1955253N14319,1955,69,,,IONE,1955-09-17 18:00:00,TS,27.0,-73.2,120,938,hurdat_atl,main,523,508,O_____________,hurdat_atl,AL081955,27.0,-73.2, ,HU,120.0,938,4.0, , , , , , , , , , , , , , , , , , , , , , , , , , , , , , , ,11,320,Sep,-1.09,-1.09,-1.09,24.471052
1955255N19294,1955,70,,CS,HILDA,1955-09-16 00:00:00,TS,19.2,-85.4,105,963,hurdat_atl,main,212,158,O_____________,hurdat_atl,AL091955,19.2,-85.4, ,HU,105.0,963,3.0, , , , , , , , , , , , , , , , , , , , , , , , , , , , , , , ,10,279,Sep,-1.09,-1.09,-1.09,27.234041
1955265N13307,1955,75,,CS,JANET,1955-09-28 00:00:00,TS,17.9667,-86.1,150, ,hurdat_atl,main,181,84,O_________O___,hurdat_atl,AL101955,18.0,-86.1, ,HU,150.0, ,5.0, , , , , , , , , , , , , , , , , , , , , ,17.9000,-86.1000,4,178, , , , , , ,21,283,Sep,-1.09,-1.09,-1.09,27.507635
1955288N13281,1955,85,,CS,KATIE,1955-10-17 05:00:00,TS,18.0,-71.7,95, ,hurdat_atl,main,0,0,O_____________,hurdat_atl,AL131955,18.0,-71.7,L,HU,95.0, ,2.0, , , , , , , , , , , , , , , , , , , , , , , , , , , , , , , ,9,20,Oct,-1.42,-1.42,-1.42,27.076368
1956208N21268,1956,63,,GM,ANNA,1956-07-26 18:00:00,TS,21.6,-96.9,75, ,hurdat_atl,main,41,0,O_____________,hurdat_atl,AL021956,21.6,-96.9, ,HU,75.0, ,1.0, , , , , , , , , , , , , , , , , , , , , , , , , , , , , , , ,12,280,Jul,-0.57,-0.57,-0.57,25.453638
1956222N13313,1956,71,,,BETSY,1956-08-14 06:00:00,TS,24.9,-75.0,105, ,hurdat_atl,main,276,239,O_____________,hurdat_atl,AL031956,24.9,-75.0, ,HU,105.0, ,3.0, , , , , , , , , , , , , , , , , , , , , , , , , , , , , , , ,13,311,Aug,-0.55,-0.55,-0.55,25.412073
1956265N18274,1956,94,,GM,FLOSSY,1956-09-24 18:00:00,TS,29.9,-87.6,80, ,hurdat_atl,main,44,22,I_____________,hurdat_atl,AL071956,29.9,-87.6, ,HU,80.0,977,1.0, , , , , , , , , , , , , , , , , , , , , , , , , , , , , , , ,12,67,Sep,-0.46,-0.46,-0.46,20.670347
1956305N20285,1956,106,,,GRETA,1956-11-04 18:00:00,TS,22.2,-67.1,85,970,hurdat_atl,main,396,396,O_____________,hurdat_atl,AL081956,22.2,-67.1, ,HU,85.0,970,2.0, , , , , , , , , , , , , , , , , , , , , , , , , , , , , , , ,13,103,Nov,-0.43,-0.43,-0.43,25.96793
1957176N21267,1957,34,,GM,AUDREY,1957-06-27 12:00:00,TS,29.3,-93.8,110,946,hurdat_atl,main,44,9,O_____________,hurdat_atl,AL021957,29.3,-93.8, ,HU,110.0,946,3.0, , , , , , , , , , , , , , , , , , , , , , , , , , , , , , , ,17,6,Jun,1.11,1.11,1.11,20.380651
1957245N13339,1957,51,,,CARRIE,1957-09-08 00:00:00,TS,17.4,-42.9,120,945,hurdat_atl,main,1726,1709,O_____________,hurdat_atl,AL041957,17.4,-42.9, ,HU,120.0,945,4.0, , , , , , , , , , , , , , , , , , , , , , , , , , , , , , , ,9,294,Sep,1.33,1.33,1.33,24.719816
1957264N32294,1957,63,,,FRIEDA,1957-09-25 12:00:00,TS,35.8,-64.5,75, ,hurdat_atl,main,810,781,O_____________,hurdat_atl,AL071957,35.8,-64.5, ,HU,75.0, ,1.0, , , , , , , , , , , , , , , , , , , , , , , , , , , , , , , ,22,47,Sep,1.33,1.33,1.33,20.815498
1958223N12340,1958,65,,,CLEO,1958-08-15 18:00:00,TS,18.1,-49.6,120,947,hurdat_atl,main,1454,1454,O_____________,hurdat_atl,AL031958,18.1,-49.6, ,HU,120.0,947,4.0, , , , , , , , , , , , , , , , , , , , , , , , , , , , , , , ,16,353,Aug,0.43,0.43,0.43,25.191166
1958236N25287,1958,69,,,DAISY,1958-08-27 18:00:00,TS,29.6,-75.6,115,948,hurdat_atl,main,491,491,O_____________,hurdat_atl,AL041958,29.6,-75.6, ,HU,115.0,948,4.0, , , , , , , , , , , , , , , , , , , , , , , , , , , , , , , ,7,40,Aug,0.43,0.43,0.43,23.343004
1958242N13302,1958,74,,CS,ELLA,1958-09-01 12:00:00,TS,18.2,-73.4,95, ,hurdat_atl,main,0,0,O_____________,hurdat_atl,AL051958,18.2,-73.4,L,HU,95.0, ,2.0, , , , , , , , , , , , , , , , , , , , , , , , , , , , , , , ,15,302,Sep,0.39,0.39,0.39,27.283962
1958248N10315,1958,76,,,FIFI,1958-09-06 12:00:00,TS,16.6,-57.1,75, ,hurdat_atl,main,783,777,O_____________,hurdat_atl,AL061958,16.6,-57.1, ,HU,75.0, ,1.0, , , , , , , , , , , , , , , , , , , , , , , , , , , , , , , ,13,308,Sep,0.39,0.39,0.39,26.43869
1958264N17308,1958,89,,,HELENE,1958-09-27 09:00:00,TS,32.7,-78.6,130,930,hurdat_atl,main,78,60,O_____________,hurdat_atl,AL081958,32.7,-78.6,I,HU,130.0,930,4.0, , , , , , , , , , , , , , , , , , , , , , , , , , , , , , , ,8,6,Sep,0.39,0.39,0.39,23.008121
1958267N18309,1958,90,,,ILSA,1958-09-26 12:00:00,TS,19.7,-60.8,95,956,hurdat_atl,main,525,514,O_____________,hurdat_atl,AL091958,19.7,-60.8, ,HU,95.0,956,2.0, , , , , , , , , , , , , , , , , , , , , , , , , , , , , , , ,4,316,Sep,0.39,0.39,0.39,25.800768
1958278N19279,1958,93,,,JANICE,1958-10-10 06:00:00,TS,34.0,-67.1,85,968,hurdat_atl,main,789,789,O_____________,hurdat_atl,AL101958,34.0,-67.1, ,HU,85.0,968,2.0, , , , , , , , , , , , , , , , , , , , , , , , , , , , , , , ,13,57,Oct,0.44,0.44,0.44,20.554846
1959169N26274,1959,37,,,NOT_NAMED,1959-06-19 12:00:00,TS,38.4,-65.0,75,974,hurdat_atl,main,560,437,O_____________,hurdat_atl,AL031959,38.4,-65.0, ,HU,75.0,974,1.0, , , , , , , , , , , , , , , , , , , , , , , , , , , , , , , ,46,42,Jun,-0.07,-0.07,-0.07,18.072832
1959186N32281,1959,45,,,CINDY,1959-07-08 12:00:00,TS,32.4,-78.1,65,995,hurdat_atl,main,135,114,O_____________,hurdat_atl,AL041959,32.4,-78.1, ,HU,65.0,995,1.0, , , , , , , , , , , , , , , , , , , , , , , , , , , , , , , ,5,274,Jul,-0.18,-0.18,-0.18,23.008121
1959204N28269,1959,51,,,DEBRA,1959-07-25 05:00:00,TS,29.1,-95.2,75,980,hurdat_atl,main,0,0,O_____________,hurdat_atl,AL051959,29.1,-95.2,L,HU,75.0,980,1.0, , , , , , , , , , , , , , , , , , , , , , , , , , , , , , , ,6,0,Jul,-0.18,-0.18,-0.18,
1959252N17314,1959,76,,,FLORA,1959-09-11 12:00:00,TS,28.5,-42.6,65, ,hurdat_atl,main,2215,2177,O_____________,hurdat_atl,AL071959,28.5,-42.6, ,HU,65.0, ,1.0, , , , , , , , , , , , , , , , , , , , , , , , , , , , , , , ,21,44,Sep,-0.09,-0.09,-0.09,22.219368
1959264N20292,1959,82,,,GRACIE,1959-09-29 06:00:00,TS,30.6,-79.1,115,951,hurdat_atl,main,219,166,O_____________,hurdat_atl,AL081959,30.6,-79.1, ,HU,115.0,951,4.0, , , , , , , , , , , , , , , , , , , , , , , , , , , , , , , ,11,317,Sep,-0.09,-0.09,-0.09,23.314177
1959271N27310,1959,87,,,HANNAH,1959-09-30 18:00:00,TS,27.9,-65.6,105,959,hurdat_atl,main,1029,1029,O_____________,hurdat_atl,AL091959,27.9,-65.6, ,HU,105.0,959,3.0, , , , , , , , , , , , , , , , , , , , , , , , , , , , , , , ,13,323,Sep,-0.09,-0.09,-0.09,23.01582
1959287N14287,1959,95,,,JUDITH,1959-10-19 12:00:00,TS,29.6,-70.0,75,988,hurdat_atl,main,834,834,O_____________,hurdat_atl,AL111959,29.6,-70.0, ,HU,75.0,988,1.0, , , , , , , , , , , , , , , , , , , , , , , , , , , , , , , ,34,72,Oct,-0.03,-0.03,-0.03,21.804531
1960192N12304,1960,35,,CS,ABBY,1960-07-15 06:00:00,TS,16.3,-86.6,70, ,hurdat_atl,main,59,55,O_____________,hurdat_atl,AL021960,16.3,-86.6,L,HU,70.0, ,1.0, , , , , , , , , , , , , , , , , , , , , , , , , , , , , , , ,14,279,Jul,0.13,0.13,0.13,
1960231N26285,1960,58,,,CLEO,1960-08-19 06:00:00,TS,31.0,-70.2,75, ,hurdat_atl,main,715,681,O_____________,hurdat_atl,AL041960,31.0,-70.2, ,HU,75.0, ,1.0, , , , , , , , , , , , , , , , , , , , , , , , , , , , , , , ,20,20,Aug,0.24,0.24,0.24,21.804531
1960243N10337,1960,62,,,DONNA,1960-09-07 00:00:00,TS,21.8,-69.7,125,932,hurdat_atl,main,242,235,O_____________,hurdat_atl,AL051960,21.8,-69.7, ,HU,125.0,932,4.0, , , , , , , , , , , , , , , , , , , , , , , , , , , , , , , ,8,289,Sep,0.27,0.27,0.27,26.024284
1960257N22267,1960,69,,GM,ETHEL,1960-09-14 18:00:00,TS,25.6,-90.0,100,974,hurdat_atl,main,389,305,O_____________,hurdat_atl,AL061960,25.6,-90.0, ,HU,100.0,974,3.0, , , , , , , , , , , , , , , , , , , , , , , , , , , , , , , ,19,24,Sep,0.27,0.27,0.27,24.16544
1961199N11314,1961,63,,CS,ANNA,1961-07-22 12:00:00,TS,14.5,-78.2,90,976,hurdat_atl,main,373,366,O_____________,hurdat_atl,AL011961,14.5,-78.2, ,HU,90.0,976,2.0, , , , , , , , , , , , , , , , , , , , , , , , , , , , , , , ,18,290,Jul,0.14,0.14,0.14,27.47158
1961245N13318,1961,83,,,BETSY,1961-09-06 00:00:00,TS,28.5,-54.0,115,952,hurdat_atl,main,1632,1632,O_____________,hurdat_atl,AL021961,28.5,-54.0, ,HU,115.0,952,4.0, , , , , , , , , , , , , , , , , , , , , , , , , , , , , , , ,18,328,Sep,-0.3,-0.3,-0.3,22.993383
1961247N13283,1961,84,,GM,CARLA,1961-09-11 06:00:00,TS,27.2,-95.7,125,927,hurdat_atl,main,150,121,O_____________,hurdat_atl,AL031961,27.2,-95.7, ,HU,125.0,927,4.0, , , , , , , , , , , , , , , , , , , , , , , , , , , , , , , ,6,307,Sep,-0.3,-0.3,-0.3,22.199953
1961249N14342,1961,88,,,DEBBIE,1961-09-11 12:00:00,TS,27.9,-46.0,80, ,hurdat_atl,main,2175,2107,O_____________,hurdat_atl,AL041961,27.9,-46.0, ,HU,80.0, ,1.0, , , , , , , , , , , , , , , , , , , , , , , , , , , , , , , ,14,353,Sep,-0.3,-0.3,-0.3,22.621632
1961254N11329,1961,91,,,ESTHER,1961-09-17 06:00:00,TS,24.1,-63.9,140,924,hurdat_atl,main,661,656,O_____________,hurdat_atl,AL051961,24.1,-63.9, ,HU,140.0,924,5.0, , , , , , , , , , , , , , , , , , , , , , , , , , , , , , , ,11,284,Sep,-0.3,-0.3,-0.3,25.141771
1961273N16302,1961,99,,,FRANCES,1961-10-07 00:00:00,TS,33.0,-66.3,115,948,hurdat_atl,main,897,897,O_____________,hurdat_atl,AL071961,33.0,-66.3, ,HU,115.0,948,4.0, , , , , , , , , , , , , , , , , , , , , , , , , , , , , , , ,14,46,Oct,-0.26,-0.26,-0.26,20.62256
1961299N11281,1961,112,,CS,HATTIE,1961-10-31 00:00:00,TS,18.0,-86.1,145,914,hurdat_atl,main,181,134,O_____________,hurdat_atl,AL091961,18.0,-86.1, ,HU,145.0,914,5.0, , , , , , , , , , , , , , , , , , , , , , , , , , , , , , , ,10,250,Oct,-0.26,-0.26,-0.26,27.507635
1961306N23301,1961,115,,,JENNY,1961-11-06 18:00:00,TS,28.5,-52.2,70,974,hurdat_atl,main,1769,1753,O_____________,hurdat_atl,AL101961,28.5,-52.2, ,HU,70.0,974,1.0, , , , , , , , , , , , , , , , , , , , , , , , , , , , , , , ,8,281,Nov,-0.19,-0.19,-0.19,22.99945
1962239N26280,1962,70,,,ALMA,1962-08-28 18:00:00,TS,36.9,-73.5,75,990,hurdat_atl,main,202,202,O_____________,hurdat_atl,AL011962,36.9,-73.5, ,HU,75.0,990,1.0, , , , , , , , , , , , , , , , , , , , , , , , , , , , , , , ,23,40,Aug,-0.07,-0.07,-0.07,17.323282
1962272N15311,1962,88,,,DAISY,1962-10-06 06:00:00,TS,30.8,-68.6,90, ,hurdat_atl,main,848,812,I_____________,hurdat_atl,AL041962,30.8,-68.6, ,HU,90.0,967,2.0, , , , , , , , , , , , , , , , , , , , , , , , , , , , , , , ,18,20,Oct,-0.22,-0.22,-0.22,21.728323
1962287N23287,1962,92,,,ELLA,1962-10-20 00:00:00,TS,31.9,-72.7,95,960,hurdat_atl,main,470,462,O_____________,hurdat_atl,AL051962,31.9,-72.7, ,HU,95.0,960,2.0, , , , , , , , , , , , , , , , , , , , , , , , , , , , , , , ,12,37,Oct,-0.22,-0.22,-0.22,21.425611
1962331N33287,1962,106,,,NOT_NAMED,1962-12-01 18:00:00,TS,33.7,-74.3,80, ,hurdat_atl,main,226,179,O_____________,hurdat_atl,AL071962,33.7,-74.3, ,HU,80.0, ,1.0, , , , , , , , , , , , , , , , , , , , , , , , , , , , , , , ,9,322,Dec,-0.43,-0.43,-0.43,21.280745
1963213N11321,1963,67,,,ARLENE,1963-08-09 18:00:00,TS,32.8,-64.0,100,970,hurdat_atl,main,1105,1090,O_____________,hurdat_atl,AL011963,32.8,-64.0, ,HU,100.0,970,3.0, , , , , , , , , , , , , , , , , , , , , , , , , , , , , , , ,24,50,Aug,1.14,1.14,1.14,20.690268
1963232N11313,1963,71,,,BEULAH,1963-08-24 06:00:00,TS,23.1,-59.6,105,958,hurdat_atl,main,815,815,O_____________,hurdat_atl,AL021963,23.1,-59.6, ,HU,105.0,958,3.0, , , , , , , , , , , , , , , , , , , , , , , , , , , , , , , ,6,346,Aug,1.14,1.14,1.14,24.86796
1963253N26293,1963,83,,,NOT_NAMED,1963-09-12 06:00:00,TS,37.7,-52.9,70, ,hurdat_atl,main,990,979,O_____________,hurdat_atl,AL031963,37.7,-52.9, ,HU,70.0, ,1.0, , , , , , , , , , , , , , , , , , , , , , , , , , , , , , , ,6,70,Sep,1.22,1.22,1.22,20.063126
1963262N14322,1963,88,,,DEBRA,1963-09-21 18:00:00,TS,23.1,-48.9,65,1000,hurdat_atl,main,1812,1812,O_____________,hurdat_atl,AL051963,23.1,-48.9, ,HU,65.0,1000,1.0, , , , , , , , , , , , , , , , , , , , , , , , , , , , , , , ,8,358,Sep,1.22,1.22,1.22,23.603981
1963267N11309,1963,90,,CS,EDITH,1963-09-25 00:00:00,TS,13.6,-59.5,85, ,hurdat_atl,main,363,349,O_____________,hurdat_atl,AL061963,13.6,-59.5, ,HU,85.0, ,2.0, , , , , , , , , , , , , , , , , , , , , , , , , , , , , , , ,13,284,Sep,1.22,1.22,1.22,27.050617
1963272N09314,1963,93,,CS,FLORA,1963-10-03 18:00:00,TS,17.2,-72.5,130,933,hurdat_atl,main,105,45,O_____________,hurdat_atl,AL071963,17.2,-72.5, ,HU,130.0,933,4.0, , , , , , , , , , , , , , , , , , , , , , , , , , , , , , , ,9,335,Oct,1.29,1.29,1.29,27.076368
1963291N26288,1963,104,,,GINNY,1963-10-28 18:00:00,TS,35.1,-71.5,95,963,hurdat_atl,main,369,369,O_____________,hurdat_atl,AL081963,35.1,-71.5, ,HU,95.0,963,2.0, , , , , , , , , , , , , , , , , , , , , , , , , , , , , , , ,14,34,Oct,1.29,1.29,1.29,19.427315
1964210N19314,1964,52,,,NOT_NAMED,1964-08-01 18:00:00,TS,39.0,-51.8,75, ,hurdat_atl,main,852,798,O_____________,hurdat_atl,AL021964,39.0,-51.8, ,HU,75.0, ,1.0, , , , , , , , , , , , , , , , , , , , , , , , , , , , , , , ,18,45,Aug,-0.66,-0.66,-0.66,20.063126
1964234N13316,1964,65,,CS,CLEO,1964-08-23 12:00:00,TS,16.5,-66.6,130,938,hurdat_atl,main,159,145,O_____________,hurdat_atl,AL051964,16.5,-66.6, ,HU,130.0,938,4.0, , , , , , , , , , , , , , , , , , , , , , , , , , , , , , , ,15,278,Aug,-0.66,-0.66,-0.66,27.110828
1964242N14343,1964,72,,,DORA,1964-09-06 06:00:00,TS,26.1,-64.4,115,942,hurdat_atl,main,869,869,O_____________,hurdat_atl,AL061964,26.1,-64.4, ,HU,115.0,942,4.0, , , , , , , , , , , , , , , , , , , , , , , , , , , , , , , ,9,310,Sep,-0.76,-0.76,-0.76,24.23264
1964248N18324,1964,76,,,ETHEL,1964-09-13 12:00:00,TS,35.5,-63.2,90, ,hurdat_atl,main,906,848,O_____________,hurdat_atl,AL071964,35.5,-63.2, ,HU,90.0, ,2.0, , , , , , , , , , , , , , , , , , , , , , , , , , , , , , , ,21,44,Sep,-0.76,-0.76,-0.76,20.815498
1964257N15316,1964,82,,,GLADYS,1964-09-17 18:00:00,TS,25.0,-65.1,115,945,hurdat_atl,main,739,739,O_____________,hurdat_atl,AL091964,25.0,-65.1, ,HU,115.0,945,4.0, , , , , , , , , , , , , , , , , , , , , , , , , , , , , , , ,10,298,Sep,-0.76,-0.76,-0.76,25.232561
1964273N21280,1964,90,,GM,HILDA,1964-10-01 18:00:00,TS,24.8,-91.1,120,941,hurdat_atl,main,420,420,O_____________,hurdat_atl,AL101964,24.8,-91.1, ,HU,120.0,941,4.0, , , , , , , , , , , , , , , , , , , , , , , , , , , , , , , ,6,314,Oct,-0.8,-0.8,-0.8,24.930437
1964283N15277,1964,95,,,ISBELL,1964-10-14 12:00:00,TS,24.0,-82.9,100,964,hurdat_atl,main,108,108,O_____________,hurdat_atl,AL111964,24.0,-82.9, ,HU,100.0,964,3.0, , , , , , , , , , , , , , , , , , , , , , , , , , , , , , , ,12,38,Oct,-0.8,-0.8,-0.8,25.764368
1965233N32308,1965,76,,,ANNA,1965-08-24 06:00:00,TS,39.0,-51.3,90, ,hurdat_atl,main,859,831,O_____________,hurdat_atl,AL021965,39.0,-51.3, ,HU,90.0, ,2.0, , , , , , , , , , , , , , , , , , , , , , , , , , , , , , , ,9,38,Aug,1.54,1.54,1.54,20.063126
1965239N11310,1965,81,,,BETSY,1965-09-02 12:00:00,TS,22.8,-70.2,120,942,hurdat_atl,main,338,318,O_____________,hurdat_atl,AL031965,22.8,-70.2, ,HU,120.0,942,4.0, , , , , , , , , , , , , , , , , , , , , , , , , , , , , , , ,9,298,Sep,1.85,1.85,1.85,26.024284
1965259N13340,1965,96,,,CAROL,1965-09-21 06:00:00,TS,21.5,-40.9,80, ,hurdat_atl,main,2218,2218,I_____________,hurdat_atl,AL041965,21.5,-40.9, ,HU,80.0,975,1.0, , , , , , , , , , , , , , , , , , , , , , , , , , , , , , , ,12,356,Sep,1.85,1.85,1.85,23.527367
1965286N17313,1965,109,,,ELENA,1965-10-18 12:00:00,TS,39.0,-42.8,95,977,hurdat_atl,main,1193,1193,O_____________,hurdat_atl,AL061965,39.0,-42.8, ,HU,95.0,977,2.0, , , , , , , , , , , , , , , , , , , , , , , , , , , , , , , ,37,61,Oct,1.98,1.98,1.98,18.918234
1966156N16275,1966,31,,,ALMA,1966-06-08 18:00:00,TS,24.4,-82.7,100,970,hurdat_atl,main,146,127,O_____________,hurdat_atl,AL011966,24.4,-82.7, ,HU,100.0,970,3.0, , , , , , , , , , , , , , , , , , , , , , , , , , , , , , , ,17,359,Jun,0.24,0.24,0.24,25.764368
1966181N29296,1966,37,,,BECKY,1966-07-02 18:00:00,TS,39.5,-54.7,75,984,hurdat_atl,main,794,695,O_____________,hurdat_atl,AL021966,39.5,-54.7, ,HU,75.0,984,1.0, , , , , , , , , , , , , , , , , , , , , , , , , , , , , , , ,19,358,Jul,0.24,0.24,0.24,18.280687
1966194N17303,1966,39,,,CELIA,1966-07-20 18:00:00,TS,33.6,-68.5,65,994,hurdat_atl,main,683,683,O_____________,hurdat_atl,AL031966,33.6,-68.5, ,HU,65.0,994,1.0, , , , , , , , , , , , , , , , , , , , , , , , , , , , , , , ,30,46,Jul,0.24,0.24,0.24,20.554846
1966202N32316,1966,45,,,DOROTHY,1966-07-26 12:00:00,TS,36.2,-41.9,75,989,hurdat_atl,main,1487,1467,O_____________,hurdat_atl,AL041966,36.2,-41.9, ,HU,75.0,989,1.0, , , , , , , , , , , , , , , , , , , , , , , , , , , , , , , ,4,291,Jul,0.24,0.24,0.24,19.477274
1966233N13340,1966,60,,,FAITH,1966-09-03 06:00:00,TS,37.5,-57.0,105,950,hurdat_atl,main,921,920,O_____________,hurdat_atl,AL061966,37.5,-57.0, ,HU,105.0,950,3.0, , , , , , , , , , , , , , , , , , , , , , , , , , , , , , , ,25,78,Sep,-0.05,-0.05,-0.05,20.778893
1966265N10325,1966,87,,CS,INEZ,1966-09-28 18:00:00,TS,17.0,-67.2,140,927,hurdat_atl,main,100,100,O_____________,hurdat_atl,AL091966,17.0,-67.2, ,HU,140.0,927,5.0, , , , , , , , , , , , , , , , , , , , , , , , , , , , , , , ,14,276,Sep,-0.05,-0.05,-0.05,27.133001
1966309N26310,1966,108,,,LOIS,1966-11-08 18:00:00,TS,30.0,-43.4,75, ,hurdat_atl,main,2031,1936,O_____________,hurdat_atl,AL111966,30.0,-43.4, ,HU,75.0, ,1.0, , , , , , , , , , , , , , , , , , , , , , , , , , , , , , , ,33,36,Nov,-0.18,-0.18,-0.18,21.957726
1967241N16324,1967,85,,,ARLENE,1967-09-03 18:00:00,TS,42.6,-52.5,80, ,hurdat_atl,main,447,359,O_____________,hurdat_atl,AL111967,42.6,-52.5, ,HU,80.0, ,1.0, , , , , , , , , , , , , , , , , , , , , , , , , , , , , , , ,22,28,Sep,-0.3,-0.3,-0.3,11.987564
1967248N15341,1967,92,,,CHLOE,1967-09-13 00:00:00,TS,27.9,-50.9,95, ,hurdat_atl,main,1836,1834,O_____________,hurdat_atl,AL121967,27.9,-50.9, ,HU,95.0, ,2.0, , , , , , , , , , , , , , , , , , , , , , , , , , , , , , , ,4,314,Sep,-0.3,-0.3,-0.3,22.967947
1967248N31282,1967,94,,,DORIA,1967-09-14 18:00:00,TS,38.0,-66.5,85,973,hurdat_atl,main,508,493,O_____________,hurdat_atl,AL141967,38.0,-66.5, ,HU,85.0,973,2.0, , , , , , , , , , , , , , , , , , , , , , , , , , , , , , , ,4,283,Sep,-0.3,-0.3,-0.3,18.072832
1967249N13303,1967,95,,GM,BEULAH,1967-09-20 00:00:00,TS,24.3,-96.3,140,923,hurdat_atl,main,143,115,O_____________,hurdat_atl,AL131967,24.3,-96.3, ,HU,140.0,923,5.0, , , , , , , , , , , , , , , , , , , , , , , , , , , , , , , ,8,341,Sep,-0.3,-0.3,-0.3,24.829472
1967275N20267,1967,114,,GM,FERN,1967-10-02 12:00:00,TS,22.1,-93.1,65, ,hurdat_atl,main,310,310,O_____________,hurdat_atl,AL191967,22.1,-93.1, ,HU,65.0, ,1.0, , , , , , , , , , , , , , , , , , , , , , , , , , , , , , , ,5,339,Oct,-0.38,-0.38,-0.38,25.63347
1967293N21306,1967,129,,,HEIDI,1967-10-25 12:00:00,TS,34.5,-48.5,75,988,hurdat_atl,main,1402,1380,O_____________,hurdat_atl,AL251967,34.5,-48.5, ,HU,75.0,988,1.0, , , , , , , , , , , , , , , , , , , , , , , , , , , , , , , ,9,48,Oct,-0.38,-0.38,-0.38,20.712051
1968153N17275,1968,29,,,ABBY,1968-06-05 18:00:00,TS,28.2,-80.2,65,994,hurdat_atl,main,40,40,O_____________,hurdat_atl,AL011968,28.2,-80.2, ,HU,65.0,994,1.0, , , , , , , , , , , , , , , , , , , , , , , , , , , , , , , ,2,80,Jun,0.28,0.28,0.28,24.102085
1968170N25279,1968,34,,,BRENDA,1968-06-24 00:00:00,TS,35.4,-64.3,70,991,hurdat_atl,main,857,857,O_____________,hurdat_atl,AL021968,35.4,-64.3, ,HU,70.0,991,1.0, , , , , , , , , , , , , , , , , , , , , , , , , , , , , , , ,20,86,Jun,0.28,0.28,0.28,20.815498
1968223N26280,1968,63,,,DOLLY,1968-08-12 18:00:00,TS,35.7,-69.0,75, ,hurdat_atl,main,585,585,I_____________,hurdat_atl,AL051968,35.7,-69.0, ,HU,75.0,989,1.0, , , , , , , , , , , , , , , , , , , , , , , , , , , , , , , ,20,70,Aug,0.53,0.53,0.53,20.179901
1968288N14280,1968,105,,GM,GLADYS,1968-10-19 00:00:00,TS,28.3,-83.1,85,977,hurdat_atl,main,36,19,O_____________,hurdat_atl,AL141968,28.3,-83.1, ,HU,85.0,977,2.0, , , , , , , , , , , , , , , , , , , , , , , , , , , , , , , ,8,43,Oct,0.55,0.55,0.55,22.030354
1969223N26288,1969,54,,,BLANCHE,1969-08-12 00:00:00,TS,39.0,-68.0,75, ,hurdat_atl,main,344,301,O_____________,hurdat_atl,AL071969,39.0,-68.0, ,HU,75.0, ,1.0, , , , , , , , , , , , , , , , , , , , , , , , , , , , , , , ,39,31,Aug,0.51,0.51,0.51,16.822315
1969226N18280,1969,57,,GM,CAMILLE,1969-08-16 18:00:00,TS,24.3,-86.6,150,908,hurdat_atl,main,314,314,O_____________,hurdat_atl,AL091969,24.3,-86.6, ,HU,150.0,908,5.0, , , , , , , , , , , , , , , , , , , , , , , , , , , , , , , ,9,322,Aug,0.51,0.51,0.51,26.216478
1969227N13325,1969,58,,,DEBBIE,1969-08-20 00:00:00,TS,23.8,-60.6,110,954,hurdat_atl,main,795,774,O_____________,hurdat_atl,AL081969,23.8,-60.6, ,HU,110.0,954,3.0, , , , , , , , , , , , , , , , , , , , , , , , , , , , , , , ,15,296,Aug,0.51,0.51,0.51,24.86796
1969241N12298,1969,65,,CS,FRANCELIA,1969-09-02 18:00:00,TS,16.4,-86.7,85,973,hurdat_atl,main,70,55,O_____________,hurdat_atl,AL131969,16.4,-86.7, ,HU,85.0,973,2.0, , , , , , , , , , , , , , , , , , , , , , , , , , , , , , , ,6,256,Sep,0.79,0.79,0.79,
1969250N26280,1969,72,,,GERDA,1969-09-09 18:00:00,TS,40.9,-69.4,105,980,hurdat_atl,main,102,86,O_____________,hurdat_atl,AL161969,40.9,-69.4, ,HU,105.0,980,3.0, , , , , , , , , , , , , , , , , , , , , , , , , , , , , , , ,34,33,Sep,0.79,0.79,0.79,9.352127
1969257N11314,1969,78,,,HOLLY,1969-09-16 18:00:00,TS,16.0,-50.8,70,984,hurdat_atl,main,1190,1187,O_____________,hurdat_atl,AL171969,16.0,-50.8, ,HU,70.0,984,1.0, , , , , , , , , , , , , , , , , , , , , , , , , , , , , , , ,5,304,Sep,0.79,0.79,0.79,25.67559
1969264N16313,1969,85,,,INGA,1969-10-05 06:00:00,TS,30.5,-62.3,95, ,hurdat_atl,main,1359,1359,I_____________,hurdat_atl,AL201969,30.5,-62.3, ,HU,95.0,966,2.0, , , , , , , , , , , , , , , , , , , , , , , , , , , , , , , ,16,61,Oct,0.86,0.86,0.86,21.892818
1969265N34288,1969,86,,,NOT_NAMED,1969-09-24 12:00:00,TS,37.5,-65.7,65, ,hurdat_atl,main,594,570,O_____________,hurdat_atl,AL211969,37.5,-65.7, ,HU,65.0, ,1.0, , , , , , , , , , , , , , , , , , , , , , , , , , , , , , , ,10,24,Sep,0.79,0.79,0.79,18.072832
1969281N20292,1969,99,,,KARA,1969-10-17 18:00:00,TS,41.1,-56.3,80,978,hurdat_atl,main,598,500,O_____________,hurdat_atl,AL251969,41.1,-56.3, ,HU,80.0,978,1.0, , , , , , , , , , , , , , , , , , , , , , , , , , , , , , , ,40,62,Oct,0.86,0.86,0.86,13.086486
1969290N18275,1969,104,,GM,LAURIE,1969-10-21 00:00:00,TS,25.7,-91.0,80,973,hurdat_atl,main,379,346,O_____________,hurdat_atl,AL261969,25.7,-91.0, ,HU,80.0,973,1.0, , , , , , , , , , , , , , , , , , , , , , , , , , , , , , , ,7,22,Oct,0.86,0.86,0.86,23.85782
1969302N38291,1969,108,,,NOT_NAMED,1969-11-05 12:00:00,TS,32.5,-35.0,80, ,hurdat_atl,main,1802,1769,O_____________,hurdat_atl,AL281969,32.5,-35.0, ,HU,80.0, ,1.0, , , , , , , , , , , , , , , , , , , , , , , , , , , , , , , ,15,35,Nov,0.81,0.81,0.81,20.253273
1969325N11280,1969,113,,CS,MARTHA,1969-11-22 06:00:00,TS,10.3,-81.0,80, ,hurdat_atl,main,145,145,O_____________,hurdat_atl,AL291969,10.3,-81.0, ,HU,80.0, ,1.0, , , , , , , , , , , , , , , , , , , , , , , , , , , , , , , ,0,0,Nov,0.81,0.81,0.81,27.744785
1970138N12281,1970,43,,CS,ALMA,1970-05-20 18:00:00,TS,17.4,-81.4,65,993,hurdat_atl,main,317,303,O_____________,hurdat_atl,AL011970,17.4,-81.4, ,HU,65.0,993,1.0, , , , , , , , , , , , , , , , , , , , , , , , , , , , , , , ,6,37,May,0.04,0.04,0.04,27.569454
1970212N18278,1970,77,,GM,CELIA,1970-08-03 21:00:00,TS,27.8,-97.1,120,944,hurdat_atl,main,9,0,O_____________,hurdat_atl,AL041970,27.8,-97.1,L,HU,120.0,944,4.0, , , , , , , , , , , , , , , , , , , , , , , , , , , , , , , ,15,294,Aug,-0.76,-0.76,-0.76,
1970220N14342,1970,84,,,NOT_NAMED,1970-08-18 12:00:00,TS,41.3,-64.3,70, ,hurdat_atl,main,257,256,O_____________,hurdat_atl,AL081970,41.3,-64.3, ,HU,70.0, ,1.0, , , , , , , , , , , , , , , , , , , , , , , , , , , , , , , ,45,70,Aug,-0.76,-0.76,-0.76,7.2558317
1970252N16277,1970,112,,GM,ELLA,1970-09-12 10:00:00,TS,23.9,-97.7,110,962,hurdat_atl,main,10,0,O_____________,hurdat_atl,AL121970,23.9,-97.7,L,HU,110.0,962,3.0, , , , , , , , , , , , , , , , , , , , , , , , , , , , , , , ,7,273,Sep,-0.77,-0.77,-0.77,
1970274N15306,1970,125,,,NOT_NAMED,1970-10-18 12:00:00,TS,35.4,-32.1,75, ,hurdat_atl,main,1642,1642,O_____________,hurdat_atl,AL151970,35.4,-32.1, ,HU,75.0, ,1.0, , , , , , , , , , , , , , , , , , , , , , , , , , , , , , , ,11,275,Oct,-0.74,-0.74,-0.74,17.770441
1970286N25292,1970,135,,,NOT_NAMED,1970-10-17 06:00:00,TS,36.4,-62.0,85,974,hurdat_atl,main,838,737,O_____________,hurdat_atl,AL181970,36.4,-62.0, ,HU,85.0,974,2.0, , , , , , , , , , , , , , , , , , , , , , , , , , , , , , , ,28,25,Oct,-0.74,-0.74,-0.74,20.808365
1970294N34312,1970,139,,,NOT_NAMED,1970-10-26 06:00:00,TS,35.5,-37.6,85, ,hurdat_atl,main,1789,1783,O_____________,hurdat_atl,AL191970,35.5,-37.6, ,HU,85.0, ,2.0, , , , , , , , , , , , , , , , , , , , , , , , , , , , , , , ,9,46,Oct,-0.74,-0.74,-0.74,18.71694
1971216N31297,1971,84,,,NOT_NAMED,1971-08-06 12:00:00,TS,46.0,-49.0,75,974,hurdat_atl,main,318,318,O_____________,hurdat_atl,AL041971,46.0,-49.0, ,HU,75.0,974,1.0, , , , , , , , , , , , , , , , , , , , , , , , , , , , , , , ,42,35,Aug,-0.77,-0.77,-0.77,1.7226641
1971223N27280,1971,92,,,BETH,1971-08-15 12:00:00,TS,39.7,-67.2,75,977,hurdat_atl,main,323,321,O_____________,hurdat_atl,AL061971,39.7,-67.2, ,HU,75.0,977,1.0, , , , , , , , , , , , , , , , , , , , , , , , , , , , , , , ,16,41,Aug,-0.77,-0.77,-0.77,10.37442
1971247N28273,1971,108,,GM,FERN,1971-09-09 06:00:00,TS,26.7,-94.0,80,993,hurdat_atl,main,281,257,O_____________,hurdat_atl,AL111971,26.7,-94.0, ,HU,80.0,993,1.0, , , , , , , , , , , , , , , , , , , , , , , , , , , , , , , ,5,323,Sep,-0.82,-0.82,-0.82,23.809708
1971249N11302,1971,109,,CS,EDITH,1971-09-09 18:00:00,TS,14.8,-83.2,140,943,hurdat_atl,main,10,0,O_____________,hurdat_atl,AL131971,14.8,-83.2, ,HU,140.0,943,5.0, , , , , , , , , , , , , , , , , , , , , , , , , , , , , , , ,11,292,Sep,-0.82,-0.82,-0.82,
1971249N26289,1971,110,,,GINGER,1971-09-14 00:00:00,TS,33.3,-53.3,95, ,hurdat_atl,main,1480,1457,O_____________,hurdat_atl,AL141971,33.3,-53.3, ,HU,95.0, ,2.0, , , , , , , , , , , , , , , , , , , , , , , , , , , , , , , ,9,69,Sep,-0.82,-0.82,-0.82,20.45523
1971255N11312,1971,115,EP,MM,IRENE:OLIVIA,1971-09-25 18:00:00,TS,17.3028,-107.224,100, ,hurdat_epa,main,330,329,O________OP___,hurdat_epa,EP151971,17.3,-107.2, ,HU,100.0, ,3.0, , , , , , , , , , , , , , , , ,17.3000,-107.200,TC,100, ,17.3138,-107.318,4, , , , , , , ,11,320,Sep,-0.82,-0.82,-0.82,24.741383
1972167N20271,1972,46,,GM,AGNES,1972-06-19 00:00:00,TS,26.0,-85.7,75,982,hurdat_atl,main,340,312,O_____________,hurdat_atl,AL021972,26.0,-85.7, ,HU,75.0,982,1.0, , , , , , , , , , , , , , , , , , , , , , , , , , , , , , , ,12,0,Jun,0.92,0.92,0.92,24.883905
1972236N37296,1972,79,,,BETTY,1972-08-28 00:00:00,TS,40.5,-42.6,90,976,hurdat_atl,main,1086,1086,O_____________,hurdat_atl,AL101972,40.5,-42.6, ,HU,90.0,976,2.0, , , , , , , , , , , , , , , , , , , , , , , , , , , , , , , ,16,75,Aug,1.37,1.37,1.37,18.616947
1972249N24281,1972,90,,,DAWN,1972-09-08 00:00:00,TS,35.2,-70.8,70,998,hurdat_atl,main,429,396,O_____________,hurdat_atl,AL131972,35.2,-70.8, ,HU,70.0,998,1.0, , , , , , , , , , , , , , , , , , , , , , , , , , , , , , , ,12,335,Sep,1.58,1.58,1.58,20.179901
1973183N26292,1973,57,,,ALICE,1973-07-04 12:00:00,TS,33.1,-65.1,80,990,hurdat_atl,main,997,982,O_____________,hurdat_atl,AL041973,33.1,-65.1, ,HU,80.0,990,1.0, , , , , , , , , , , , , , , , , , , , , , , , , , , , , , , ,8,0,Jul,-1.11,-1.11,-1.11,20.473612
1973230N20276,1973,83,,GM,BRENDA,1973-08-21 06:00:00,TS,19.0,-92.1,80, ,hurdat_atl,main,44,11,O_____________,hurdat_atl,AL081973,19.0,-92.1, ,HU,80.0, ,1.0, , , , , , , , , , , , , , , , , , , , , , , , , , , , , , , ,5,204,Aug,-1.28,-1.28,-1.28,
1973258N11338,1973,98,,,ELLEN,1973-09-22 12:00:00,TS,42.1,-45.2,100, ,hurdat_atl,main,806,805,O_____________,hurdat_atl,AL121973,42.1,-45.2, ,HU,100.0, ,3.0, , , , , , , , , , , , , , , , , , , , , , , , , , , , , , , ,36,46,Sep,-1.45,-1.45,-1.45,16.56951
1973282N30294,1973,112,,,FRAN,1973-10-11 06:00:00,TS,36.8,-38.3,70, ,hurdat_atl,main,1640,1638,O_____________,hurdat_atl,AL141973,36.8,-38.3, ,HU,70.0, ,1.0, , , , , , , , , , , , , , , , , , , , , , , , , , , , , , , ,35,59,Oct,-1.71,-1.71,-1.71,18.71694
1974239N27291,1974,93,,,BECKY,1974-08-30 06:00:00,TS,37.3,-61.8,100, ,hurdat_atl,main,750,730,O_____________,hurdat_atl,AL091974,37.3,-61.8, ,HU,100.0, ,3.0, , , , , , , , , , , , , , , , , , , , , , , , , , , , , , , ,9,55,Aug,-0.37,-0.37,-0.37,20.47461
1974241N17304,1974,94,,CS,CARMEN,1974-09-02 06:00:00,TS,18.4,-86.8,130,928,hurdat_atl,main,97,43,O_____________,hurdat_atl,AL101974,18.4,-86.8, ,HU,130.0,928,4.0, , , , , , , , , , , , , , , , , , , , , , , , , , , , , , , ,10,289,Sep,-0.41,-0.41,-0.41,27.507635
1974258N15295,1974,104,,CS,FIFI:ORLENE,1974-09-18 18:00:00,TS,16.3,-84.7,95, ,hurdat_atl,main,44,44,O_____________,hurdat_atl,AL141974,16.3,-84.7, ,HU,95.0, ,2.0, , , , , , , , , , , , , , , , , , , , , , , , , , , , , , , ,11,267,Sep,-0.41,-0.41,-0.41,
1974271N11315,1974,111,,,GERTRUDE,1974-09-29 00:00:00,TS,11.0,-53.0,65,999,hurdat_atl,main,586,579,O_____________,hurdat_atl,AL171974,11.0,-53.0, ,HU,65.0,999,1.0, , , , , , , , , , , , , , , , , , , , , , , , , , , , , , , ,11,281,Sep,-0.41,-0.41,-0.41,27.056803
1975205N26292,1975,59,,,BLANCHE,1975-07-27 18:00:00,TS,37.9,-68.0,75,981,hurdat_atl,main,455,410,O_____________,hurdat_atl,AL041975,37.9,-68.0, ,HU,75.0,981,1.0, , , , , , , , , , , , , , , , , , , , , , , , , , , , , , , ,14,31,Jul,-1.13,-1.13,-1.13,16.822315
1975237N22290,1975,78,,GM,CAROLINE,1975-08-31 00:00:00,TS,24.0,-97.0,100,973,hurdat_atl,main,81,50,O_____________,hurdat_atl,AL071975,24.0,-97.0, ,HU,100.0,973,3.0, , , , , , , , , , , , , , , , , , , , , , , , , , , , , , , ,6,285,Aug,-1.2,-1.2,-1.2,
1975241N33314,1975,82,,,DORIS,1975-09-02 06:00:00,TS,36.4,-44.5,95,965,hurdat_atl,main,1343,1318,O_____________,hurdat_atl,AL081975,36.4,-44.5, ,HU,95.0,965,2.0, , , , , , , , , , , , , , , , , , , , , , , , , , , , , , , ,6,7,Sep,-1.37,-1.37,-1.37,19.804033
1975256N18306,1975,94,,GM,ELOISE,1975-09-23 12:00:00,TS,30.2,-86.3,110,955,hurdat_atl,main,22,0,O_____________,hurdat_atl,AL131975,30.2,-86.3, ,HU,110.0,955,3.0, , , , , , , , , , , , , , , , , , , , , , , , , , , , , , , ,25,15,Sep,-1.37,-1.37,-1.37,20.519907
1975261N18327,1975,98,,,FAYE,1975-09-27 00:00:00,TS,32.7,-64.2,90,985,hurdat_atl,main,1091,1017,O_____________,hurdat_atl,AL141975,32.7,-64.2, ,HU,90.0,985,2.0, , , , , , , , , , , , , , , , , , , , , , , , , , , , , , , ,20,332,Sep,-1.37,-1.37,-1.37,20.690268
1975266N10325,1975,99,,,GLADYS,1975-10-02 12:00:00,TS,35.3,-69.8,120,939,hurdat_atl,main,517,517,O_____________,hurdat_atl,AL151975,35.3,-69.8, ,HU,120.0,939,4.0, , , , , , , , , , , , , , , , , , , , , , , , , , , , , , , ,32,40,Oct,-1.43,-1.43,-1.43,20.179901
1976219N26287,1976,87,,,BELLE,1976-08-09 00:00:00,TS,30.9,-75.3,105,957,hurdat_atl,main,419,359,O_____________,hurdat_atl,AL071976,30.9,-75.3, ,HU,105.0,957,3.0, , , , , , , , , , , , , , , , , , , , , , , , , , , , , , , ,15,1,Aug,0.35,0.35,0.35,23.343004
1976232N32292,1976,96,,,CANDICE,1976-08-22 18:00:00,TS,41.3,-56.4,80,964,hurdat_atl,main,575,571,O_____________,hurdat_atl,AL091976,41.3,-56.4, ,HU,80.0,964,1.0, , , , , , , , , , , , , , , , , , , , , , , , , , , , , , , ,6,58,Aug,0.35,0.35,0.35,13.086486
1976234N14312,1976,98,,,EMMY,1976-08-29 12:00:00,TS,35.0,-56.8,90,974,hurdat_atl,main,1191,1191,O_____________,hurdat_atl,AL101976,35.0,-56.8, ,HU,90.0,974,2.0, , , , , , , , , , , , , , , , , , , , , , , , , , , , , , , ,8,84,Aug,0.35,0.35,0.35,20.347635
1976241N13323,1976,102,,,FRANCES,1976-09-01 06:00:00,TS,26.3,-54.3,100,963,hurdat_atl,main,1457,1457,O_____________,hurdat_atl,AL111976,26.3,-54.3, ,HU,100.0,963,3.0, , , , , , , , , , , , , , , , , , , , , , , , , , , , , , , ,11,29,Sep,0.62,0.62,0.62,23.697472
1976271N23302,1976,120,,,GLORIA,1976-09-30 12:00:00,TS,33.1,-58.8,90,977,hurdat_atl,main,1287,1267,O_____________,hurdat_atl,AL171976,33.1,-58.8, ,HU,90.0,977,2.0, , , , , , , , , , , , , , , , , , , , , , , , , , , , , , , ,13,48,Sep,0.62,0.62,0.62,20.256346
1976297N19304,1976,128,,,HOLLY,1976-10-24 12:00:00,TS,24.9,-58.1,65,990,hurdat_atl,main,1061,1061,O_____________,hurdat_atl,AL211976,24.9,-58.1, ,HU,65.0,990,1.0, , , , , , , , , , , , , , , , , , , , , , , , , , , , , , , ,8,14,Oct,0.81,0.81,0.81,24.66394
1977242N27272,1977,73,,GM,ANITA,1977-09-02 06:00:00,TS,24.2,-97.1,150,926,hurdat_atl,main,69,30,O_____________,hurdat_atl,AL051977,24.2,-97.1, ,HU,150.0,926,5.0, , , , , , , , , , , , , , , , , , , , , , , , , , , , , , , ,9,242,Sep,0.57,0.57,0.57,
1977246N27274,1977,78,,GM,BABE,1977-09-05 06:00:00,TS,28.7,-91.4,65,995,hurdat_atl,main,62,22,O_____________,hurdat_atl,AL061977,28.7,-91.4, ,HU,65.0,995,1.0, , , , , , , , , , , , , , , , , , , , , , , , , , , , , , , ,8,15,Sep,0.57,0.57,0.57,21.94391
1977249N33280,1977,80,,,CLARA,1977-09-08 12:00:00,TS,35.5,-67.7,65,993,hurdat_atl,main,703,703,O_____________,hurdat_atl,AL071977,35.5,-67.7, ,HU,65.0,993,1.0, , , , , , , , , , , , , , , , , , , , , , , , , , , , , , , ,14,83,Sep,0.57,0.57,0.57,20.278086
1977270N29289,1977,91,,,DOROTHY,1977-09-29 00:00:00,TS,38.3,-57.0,75,980,hurdat_atl,main,838,794,O_____________,hurdat_atl,AL101977,38.3,-57.0, ,HU,75.0,980,1.0, , , , , , , , , , , , , , , , , , , , , , , , , , , , , , , ,20,43,Sep,0.57,0.57,0.57,20.778893
1977287N27297,1977,99,,,EVELYN,1977-10-15 06:00:00,TS,42.4,-61.5,70,996,hurdat_atl,main,276,135,O_____________,hurdat_atl,AL131977,42.4,-61.5, ,HU,70.0,996,1.0, , , , , , , , , , , , , , , , , , , , , , , , , , , , , , , ,35,21,Oct,0.73,0.73,0.73,9.305243
1978220N13325,1978,61,,,CORA,1978-08-09 00:00:00,TS,14.0,-44.9,80,980,hurdat_atl,main,1293,1235,O_____________,hurdat_atl,AL061978,14.0,-44.9, ,HU,80.0,980,1.0, , , , , , , , , , , , , , , , , , , , , , , , , , , , , , , ,18,269,Aug,-0.42,-0.42,-0.42,25.650509
1978242N26300,1978,79,,,ELLA,1978-09-04 12:00:00,TS,40.0,-63.0,120,956,hurdat_atl,main,433,403,O_____________,hurdat_atl,AL101978,40.0,-63.0, ,HU,120.0,956,4.0, , , , , , , , , , , , , , , , , , , , , , , , , , , , , , , ,33,48,Sep,-0.42,-0.42,-0.42,14.46307
1978247N12321,1978,82,,,FLOSSIE,1978-09-13 00:00:00,TS,31.8,-42.9,85,976,hurdat_atl,main,1866,1856,O_____________,hurdat_atl,AL131978,31.8,-42.9, ,HU,85.0,976,2.0, , , , , , , , , , , , , , , , , , , , , , , , , , , , , , , ,2,347,Sep,-0.42,-0.42,-0.42,21.097925
1978257N11298,1978,91,,CS,GRETA,1978-09-18 06:00:00,TS,15.8,-84.3,115,947,hurdat_atl,main,0,0,O_____________,hurdat_atl,AL161978,15.8,-84.3, ,HU,115.0,947,4.0, , , , , , , , , , , , , , , , , , , , , , , , , , , , , , , ,12,292,Sep,-0.42,-0.42,-0.42,
1978302N24287,1978,116,,,KENDRA,1978-10-30 12:00:00,TS,28.9,-72.6,70,990,hurdat_atl,main,682,682,O_____________,hurdat_atl,AL231978,28.9,-72.6, ,HU,70.0,990,1.0, , , , , , , , , , , , , , , , , , , , , , , , , , , , , , , ,8,45,Oct,-0.29,-0.29,-0.29,23.174526
1979191N22264,1979,52,,GM,BOB,1979-07-11 00:00:00,TS,26.2,-91.6,65,988,hurdat_atl,main,331,248,O_____________,hurdat_atl,AL041979,26.2,-91.6, ,HU,65.0,988,1.0, , , , , , , , , , , , , , , , , , , , , , , , , , , , , , , ,15,21,Jul,0.04,0.04,0.04,23.85782
1979238N12324,1979,74,,CS,DAVID,1979-08-30 18:00:00,TS,16.6,-66.2,150,924,hurdat_atl,main,145,135,O_____________,hurdat_atl,AL091979,16.6,-66.2, ,HU,150.0,924,5.0, , , , , , , , , , , , , , , , , , , , , , , , , , , , , , , ,10,284,Aug,0.17,0.17,0.17,27.110828
1979241N11335,1979,78,,GM,FREDERIC,1979-09-12 12:00:00,TS,27.4,-87.0,115,943,hurdat_atl,main,272,213,O_____________,hurdat_atl,AL111979,27.4,-87.0, ,HU,115.0,943,4.0, , , , , , , , , , , , , , , , , , , , , , , , , , , , , , , ,11,327,Sep,0.33,0.33,0.33,22.774446
1979248N16339,1979,84,,,GLORIA,1979-09-12 18:00:00,TS,33.2,-47.8,85,975,hurdat_atl,main,1559,1534,O_____________,hurdat_atl,AL141979,33.2,-47.8, ,HU,85.0,975,2.0, , , , , , , , , , , , , , , , , , , , , , , , , , , , , , , ,8,44,Sep,0.33,0.33,0.33,20.712051
1979258N20273,1979,88,,GM,HENRI,1979-09-17 12:00:00,TS,20.4,-94.3,75,983,hurdat_atl,main,212,212,O_____________,hurdat_atl,AL151979,20.4,-94.3, ,HU,75.0,983,1.0, , , , , , , , , , , , , , , , , , , , , , , , , , , , , , , ,4,321,Sep,0.33,0.33,0.33,25.967611
1980214N11330,1980,57,,GM,ALLEN,1980-08-07 18:00:00,TS,21.8,-86.4,165,899,hurdat_atl,main,68,45,O_____________,hurdat_atl,AL041980,21.8,-86.4, ,HU,165.0,899,5.0, , , , , , , , , , , , , , , , , , , , , , , , , , , , , , , ,16,292,Aug,0.03,0.03,0.03,26.790491
1980227N13325,1980,62,,,BONNIE,1980-08-16 06:00:00,TS,23.7,-38.9,85,975,hurdat_atl,main,2252,2250,O_____________,hurdat_atl,AL061980,23.7,-38.9, ,HU,85.0,975,2.0, , , , , , , , , , , , , , , , , , , , , , , , , , , , , , , ,14,353,Aug,0.03,0.03,0.03,22.810156
1980234N36287,1980,63,,,CHARLEY,1980-08-23 06:00:00,TS,38.9,-66.7,70,990,hurdat_atl,main,418,418,O_____________,hurdat_atl,AL071980,38.9,-66.7, ,HU,70.0,990,1.0, , , , , , , , , , , , , , , , , , , , , , , , , , , , , , , ,8,184,Aug,0.03,0.03,0.03,18.072832
1980245N16322,1980,69,,,GEORGES,1980-09-08 00:00:00,TS,40.2,-59.0,70,993,hurdat_atl,main,581,521,O_____________,hurdat_atl,AL091980,40.2,-59.0, ,HU,70.0,993,1.0, , , , , , , , , , , , , , , , , , , , , , , , , , , , , , , ,33,48,Sep,-0.07,-0.07,-0.07,18.13797
1980249N18336,1980,72,,,EARL,1980-09-08 06:00:00,TS,30.4,-42.5,65,988,hurdat_atl,main,2024,1923,O_____________,hurdat_atl,AL101980,30.4,-42.5, ,HU,65.0,988,1.0, , , , , , , , , , , , , , , , , , , , , , , , , , , , , , , ,18,325,Sep,-0.07,-0.07,-0.07,21.739012
1980250N13341,1980,74,,,FRANCES,1980-09-09 00:00:00,TS,12.8,-29.8,100,960,hurdat_atl,main,1345,1345,O_____________,hurdat_atl,AL121980,12.8,-29.8, ,HU,100.0,960,3.0, , , , , , , , , , , , , , , , , , , , , , , , , , , , , , , ,7,275,Sep,-0.07,-0.07,-0.07,24.90545
1980275N34340,1980,84,,,IVAN,1980-10-06 18:00:00,TS,28.1,-31.1,90,970,hurdat_atl,main,1399,1380,O_____________,hurdat_atl,AL141980,28.1,-31.1, ,HU,90.0,970,2.0, , , , , , , , , , , , , , , , , , , , , , , , , , , , , , , ,4,125,Oct,0.02,0.02,0.02,20.954653
1980313N14277,1980,95,,GM,JEANNE,1980-11-12 00:00:00,TS,24.1,-87.4,85,988,hurdat_atl,main,292,279,O_____________,hurdat_atl,AL161980,24.1,-87.4, ,HU,85.0,988,2.0, , , , , , , , , , , , , , , , , , , , , , , , , , , , , , , ,5,258,Nov,0.11,0.11,0.11,25.6847
1980330N36314,1980,102,,,KARL,1980-11-26 06:00:00,TS,37.0,-44.2,75,985,hurdat_atl,main,1299,1299,O_____________,hurdat_atl,AL181980,37.0,-44.2, ,HU,75.0,985,1.0, , , , , , , , , , , , , , , , , , , , , , , , , , , , , , , ,10,110,Nov,0.11,0.11,0.11,19.804033
1981219N11334,1981,62,,,DENNIS,1981-08-21 00:00:00,TS,37.1,-70.4,70,995,hurdat_atl,main,431,431,O_____________,hurdat_atl,AL101981,37.1,-70.4, ,HU,70.0,995,1.0, , , , , , , , , , , , , , , , , , , , , , , , , , , , , , , ,21,69,Aug,-0.25,-0.25,-0.25,15.899701
1981244N30287,1981,73,,,EMILY,1981-09-05 18:00:00,TS,39.4,-59.9,80,966,hurdat_atl,main,634,625,O_____________,hurdat_atl,AL131981,39.4,-59.9, ,HU,80.0,966,1.0, , , , , , , , , , , , , , , , , , , , , , , , , , , , , , , ,9,59,Sep,-0.16,-0.16,-0.16,18.13797
1981247N16300,1981,75,,,FLOYD,1981-09-07 00:00:00,TS,26.4,-69.1,100,981,hurdat_atl,main,703,703,O_____________,hurdat_atl,AL141981,26.4,-69.1, ,HU,100.0,981,3.0, , , , , , , , , , , , , , , , , , , , , , , , , , , , , , , ,10,4,Sep,-0.16,-0.16,-0.16,24.396568
1981250N15306,1981,76,,,GERT,1981-09-11 12:00:00,TS,29.0,-72.0,90,988,hurdat_atl,main,736,736,O_____________,hurdat_atl,AL151981,29.0,-72.0, ,HU,90.0,988,2.0, , , , , , , , , , , , , , , , , , , , , , , , , , , , , , , ,15,36,Sep,-0.16,-0.16,-0.16,23.174526
1981255N14311,1981,78,,,HARVEY,1981-09-15 00:00:00,TS,28.4,-62.6,115,946,hurdat_atl,main,1158,1158,O_____________,hurdat_atl,AL161981,28.4,-62.6, ,HU,115.0,946,4.0, , , , , , , , , , , , , , , , , , , , , , , , , , , , , , , ,9,12,Sep,-0.16,-0.16,-0.16,23.135303
1981265N14328,1981,85,,,IRENE,1981-09-28 06:00:00,TS,25.8,-56.8,105,966,hurdat_atl,main,1226,1226,O_____________,hurdat_atl,AL181981,25.8,-56.8, ,HU,105.0,966,3.0, , , , , , , , , , , , , , , , , , , , , , , , , , , , , , , ,12,3,Sep,-0.16,-0.16,-0.16,23.852066
1981307N17279,1981,100,,CS,KATRINA,1981-11-05 12:00:00,TS,20.0,-80.5,75,980,hurdat_atl,main,197,170,O_____________,hurdat_atl,AL211981,20.0,-80.5, ,HU,75.0,980,1.0, , , , , , , , , , , , , , , , , , , , , , , , , , , , , , , ,5,39,Nov,-0.15,-0.15,-0.15,27.234049
1982154N22273,1982,33,,GM,ALBERTO,1982-06-03 18:00:00,TS,24.0,-83.6,75,985,hurdat_atl,main,124,124,O_____________,hurdat_atl,AL011982,24.0,-83.6, ,HU,75.0,985,1.0, , , , , , , , , , , , , , , , , , , , , , , , , , , , , , , ,10,25,Jun,0.72,0.72,0.72,26.035233
1982257N20291,1982,76,,,DEBBY,1982-09-18 00:00:00,TS,38.8,-62.3,115,950,hurdat_atl,main,579,545,O_____________,hurdat_atl,AL061982,38.8,-62.3, ,HU,115.0,950,4.0, , , , , , , , , , , , , , , , , , , , , , , , , , , , , , , ,17,39,Sep,1.58,1.58,1.58,20.47461
1983228N27270,1983,47,,GM,ALICIA,1983-08-18 06:00:00,TS,28.9,-95.0,100,963,hurdat_atl,main,22,9,O_____________,hurdat_atl,AL031983,28.9,-95.0, ,HU,100.0,963,3.0, , , , , , , , , , , , , , , , , , , , , , , , , , , , , , , ,9,339,Aug,-0.08,-0.08,-0.08,22.199953
1983236N26284,1983,49,,,BARRY,1983-08-28 17:25:00,TS,25.4,-97.4,70,986,hurdat_atl,main,0,0,O_____________,hurdat_atl,AL041983,25.4,-97.4,L,HU,70.0,986,1.0, , , , , , , , , , , , , , , , , , , , , , , , , , , , , , , ,10,266,Aug,-0.08,-0.08,-0.08,
1983254N30296,1983,56,,,CHANTAL,1983-09-11 18:00:00,TS,32.8,-60.0,65,994,hurdat_atl,main,1277,1273,O_____________,hurdat_atl,AL051983,32.8,-60.0, ,HU,65.0,994,1.0, , , , , , , , , , , , , , , , , , , , , , , , , , , , , , , ,10,71,Sep,-0.46,-0.46,-0.46,20.894299
1984253N29283,1984,77,,,DIANA,1984-09-12 00:00:00,TS,33.9,-77.7,115,949,hurdat_atl,main,27,27,O_____________,hurdat_atl,AL101984,33.9,-77.7, ,HU,115.0,949,4.0, , , , , , , , , , , , , , , , , , , , , , , , , , , , , , , ,4,41,Sep,-0.24,-0.24,-0.24,21.631266
1984267N31302,1984,85,,,HORTENSE,1984-09-25 18:00:00,TS,29.7,-60.8,65,996,hurdat_atl,main,1353,1353,O_____________,hurdat_atl,AL141984,29.7,-60.8, ,HU,65.0,996,1.0, , , , , , , , , , , , , , , , , , , , , , , , , , , , , , , ,5,331,Sep,-0.24,-0.24,-0.24,22.02073
1984281N24291,1984,92,,,JOSEPHINE,1984-10-12 00:00:00,TS,31.4,-71.7,90,970,hurdat_atl,main,578,548,O_____________,hurdat_atl,AL161984,31.4,-71.7, ,HU,90.0,970,2.0, , , , , , , , , , , , , , , , , , , , , , , , , , , , , , , ,8,7,Oct,-0.56,-0.56,-0.56,21.425611
1984311N15291,1984,108,,,KLAUS,1984-11-08 18:00:00,TS,19.9,-61.4,80,984,hurdat_atl,main,471,471,O_____________,hurdat_atl,AL181984,19.9,-61.4, ,HU,80.0,984,1.0, , , , , , , , , , , , , , , , , , , , , , , , , , , , , , , ,7,62,Nov,-0.92,-0.92,-0.92,26.025106
1984348N35300,1984,121,,,LILI,1984-12-20 12:00:00,TS,31.1,-52.4,70,980,hurdat_atl,main,1726,1726,O_____________,hurdat_atl,AL201984,31.1,-52.4, ,HU,70.0,980,1.0, , , , , , , , , , , , , , , , , , , , , , , , , , , , , , , ,6,173,Dec,-1.14,-1.14,-1.14,21.382854
1985202N26275,1985,58,,,BOB,1985-07-24 18:00:00,TS,30.5,-80.5,65,1003,hurdat_atl,main,88,83,O_____________,hurdat_atl,AL021985,30.5,-80.5, ,HU,65.0,1003,1.0, , , , , , , , , , , , , , , , , , , , , , , , , , , , , , , ,11,357,Jul,-0.49,-0.49,-0.49,23.314177
1985222N32280,1985,65,,,CLAUDETTE,1985-08-15 12:00:00,TS,35.8,-40.0,75,980,hurdat_atl,main,1625,1625,O_____________,hurdat_atl,AL031985,35.8,-40.0, ,HU,75.0,980,1.0, , , , , , , , , , , , , , , , , , , , , , , , , , , , , , , ,23,82,Aug,-0.46,-0.46,-0.46,19.094242
1985224N18279,1985,66,,GM,DANNY,1985-08-15 12:00:00,TS,28.9,-92.6,80,988,hurdat_atl,main,73,34,O_____________,hurdat_atl,AL041985,28.9,-92.6, ,HU,80.0,988,1.0, , , , , , , , , , , , , , , , , , , , , , , , , , , , , , , ,10,347,Aug,-0.46,-0.46,-0.46,21.94391
1985240N20286,1985,79,,GM,ELENA,1985-09-01 18:00:00,TS,28.9,-84.8,110,954,hurdat_atl,main,89,66,O_____________,hurdat_atl,AL051985,28.9,-84.8, ,HU,110.0,954,3.0, , , , , , , , , , , , , , , , , , , , , , , , , , , , , , , ,9,300,Sep,-0.4,-0.4,-0.4,22.030354
1985260N13336,1985,89,,,GLORIA,1985-09-25 06:00:00,TS,25.1,-70.9,125,920,hurdat_atl,main,485,485,O_____________,hurdat_atl,AL091985,25.1,-70.9, ,HU,125.0,920,4.0, , , , , , , , , , , , , , , , , , , , , , , , , , , , , , , ,13,317,Sep,-0.4,-0.4,-0.4,24.396568
1985299N25270,1985,108,,GM,JUAN,1985-10-28 12:00:00,TS,29.4,-92.0,75,972,hurdat_atl,main,24,0,O_____________,hurdat_atl,AL121985,29.4,-92.0, ,HU,75.0,972,1.0, , , , , , , , , , , , , , , , , , , , , , , , , , , , , , , ,9,296,Oct,-0.35,-0.35,-0.35,20.172846
1985320N21296,1985,110,,GM,KATE,1985-11-20 12:00:00,TS,25.2,-85.3,105,956,hurdat_atl,main,309,309,O_____________,hurdat_atl,AL131985,25.2,-85.3, ,HU,105.0,956,3.0, , , , , , , , , , , , , , , , , , , , , , , , , , , , , , , ,10,316,Nov,-0.27,-0.27,-0.27,24.883905
1986175N26273,1986,57,,GM,BONNIE,1986-06-26 06:00:00,TS,29.0,-93.7,75,995,hurdat_atl,main,78,33,O_____________,hurdat_atl,AL021986,29.0,-93.7, ,HU,75.0,995,1.0, , , , , , , , , , , , , , , , , , , , , , , , , , , , , , , ,11,321,Jun,-0.04,-0.04,-0.04,21.930626
1986226N30276,1986,79,,,CHARLEY,1986-08-18 00:00:00,TS,36.5,-75.8,70,987,hurdat_atl,main,8,8,O_____________,hurdat_atl,AL051986,36.5,-75.8, ,HU,70.0,987,1.0, , , , , , , , , , , , , , , , , , , , , , , , , , , , , , , ,11,20,Aug,0.44,0.44,0.44,15.459852
1986254N22309,1986,92,,,EARL,1986-09-12 18:00:00,TS,27.2,-55.4,90,985,hurdat_atl,main,1433,1433,O_____________,hurdat_atl,AL091986,27.2,-55.4, ,HU,90.0,985,2.0, , , , , , , , , , , , , , , , , , , , , , , , , , , , , , , ,7,333,Sep,0.71,0.71,0.71,23.066092
1986323N23297,1986,111,,,FRANCES,1986-11-20 12:00:00,TS,27.8,-59.6,75,1000,hurdat_atl,main,1216,1216,O_____________,hurdat_atl,AL101986,27.8,-59.6, ,HU,75.0,1000,1.0, , , , , , , , , , , , , , , , , , , , , , , , , , , , , , , ,13,56,Nov,1.14,1.14,1.14,23.21511
1987220N34283,1987,54,,,ARLENE,1987-08-22 06:00:00,TS,36.5,-43.0,65,988,hurdat_atl,main,1403,1339,O_____________,hurdat_atl,AL021987,36.5,-43.0, ,HU,65.0,988,1.0, , , , , , , , , , , , , , , , , , , , , , , , , , , , , , , ,13,0,Aug,1.7,1.7,1.7,19.804033
1987263N10309,1987,79,,CS,EMILY,1987-09-22 18:00:00,TS,16.7,-69.1,110,958,hurdat_atl,main,170,123,O_____________,hurdat_atl,AL121987,16.7,-69.1, ,HU,110.0,958,3.0, , , , , , , , , , , , , , , , , , , , , , , , , , , , , , , ,16,306,Sep,1.65,1.65,1.65,27.144905
1987282N15277,1987,87,,,FLOYD,1987-10-12 12:00:00,TS,24.0,-82.9,65,993,hurdat_atl,main,108,105,O_____________,hurdat_atl,AL131987,24.0,-82.9, ,HU,65.0,993,1.0, , , , , , , , , , , , , , , , , , , , , , , , , , , , , , , ,14,55,Oct,1.48,1.48,1.48,25.764368
1988245N20269,1988,67,,GM,DEBBY,1988-09-02 18:00:00,TS,20.8,-96.6,65,992,hurdat_atl,main,53,30,O_____________,hurdat_atl,AL041988,20.8,-96.6, ,HU,65.0,992,1.0, , , , , , , , , , , , , , , , , , , , , , , , , , , , , , , ,6,266,Sep,-1.19,-1.19,-1.19,25.740028
1988251N23268,1988,73,,GM,FLORENCE,1988-09-09 23:00:00,TS,28.5,-89.3,70,982,hurdat_atl,main,59,38,O_____________,hurdat_atl,AL071988,28.5,-89.3,I,HU,70.0,982,1.0, , , , , , , , , , , , , , , , , , , , , , , , , , , , , , , ,13,358,Sep,-1.19,-1.19,-1.19,22.294346
1988253N12306,1988,74,,CS,GILBERT,1988-09-14 00:00:00,TS,19.7,-83.8,160,888,hurdat_atl,main,216,216,O_____________,hurdat_atl,AL081988,19.7,-83.8, ,HU,160.0,888,5.0, , , , , , , , , , , , , , , , , , , , , , , , , , , , , , , ,13,279,Sep,-1.19,-1.19,-1.19,27.372984
1988264N13328,1988,82,,,HELENE,1988-09-23 18:00:00,TS,15.3,-46.1,125,938,hurdat_atl,main,1335,1330,O_____________,hurdat_atl,AL091988,15.3,-46.1, ,HU,125.0,938,4.0, , , , , , , , , , , , , , , , , , , , , , , , , , , , , , , ,9,311,Sep,-1.19,-1.19,-1.19,25.426281
1988285N09318,1988,92,,CS,JOAN:MIRIAM,1988-10-22 06:00:00,TS,11.9,-83.2,125,932,hurdat_atl,main,55,15,O_____________,hurdat_atl,AL111988,11.9,-83.2, ,HU,125.0,932,4.0, , , , , , , , , , , , , , , , , , , , , , , , , , , , , , , ,7,269,Oct,-1.48,-1.48,-1.48,
1989212N15318,1989,72,,,DEAN,1989-08-07 00:00:00,TS,34.0,-64.9,90,968,hurdat_atl,main,966,905,O_____________,hurdat_atl,AL051989,34.0,-64.9, ,HU,90.0,968,2.0, , , , , , , , , , , , , , , , , , , , , , , , , , , , , , , ,16,9,Aug,-0.27,-0.27,-0.27,20.457903
1989212N23270,1989,73,,GM,CHANTAL,1989-08-01 06:00:00,TS,28.7,-93.5,70,987,hurdat_atl,main,115,66,O_____________,hurdat_atl,AL041989,28.7,-93.5, ,HU,70.0,987,1.0, , , , , , , , , , , , , , , , , , , , , , , , , , , , , , , ,11,320,Aug,-0.27,-0.27,-0.27,21.930626
1989230N14338,1989,82,,,ERIN,1989-08-24 12:00:00,TS,34.1,-44.5,90,970,hurdat_atl,main,1570,1542,O_____________,hurdat_atl,AL071989,34.1,-44.5, ,HU,90.0,970,2.0, , , , , , , , , , , , , , , , , , , , , , , , , , , , , , , ,11,37,Aug,-0.27,-0.27,-0.27,20.546745
1989238N17339,1989,88,,,FELIX,1989-09-05 18:00:00,TS,36.7,-48.3,75,979,hurdat_atl,main,1173,1162,O_____________,hurdat_atl,AL081989,36.7,-48.3, ,HU,75.0,979,1.0, , , , , , , , , , , , , , , , , , , , , , , , , , , , , , , ,3,30,Sep,-0.24,-0.24,-0.24,20.130564
1989243N12339,1989,93,,,GABRIELLE,1989-09-05 00:00:00,TS,19.3,-55.7,125,944,hurdat_atl,main,1046,1007,O_____________,hurdat_atl,AL101989,19.3,-55.7, ,HU,125.0,944,4.0, , , , , , , , , , , , , , , , , , , , , , , , , , , , , , , ,10,309,Sep,-0.24,-0.24,-0.24,25.325634
1989254N13340,1989,98,,,HUGO,1989-09-15 18:00:00,TS,14.6,-54.6,140,918,hurdat_atl,main,820,763,O_____________,hurdat_atl,AL111989,14.6,-54.6, ,HU,140.0,918,5.0, , , , , , , , , , , , , , , , , , , , , , , , , , , , , , , ,14,283,Sep,-0.24,-0.24,-0.24,26.46812
1989286N19268,1989,114,,GM,JERRY,1989-10-16 00:00:00,TS,29.1,-95.0,75,983,hurdat_atl,main,14,9,O_____________,hurdat_atl,AL141989,29.1,-95.0, ,HU,75.0,983,1.0, , , , , , , , , , , , , , , , , , , , , , , , , , , , , , , ,11,344,Oct,-0.22,-0.22,-0.22,
1990206N34285,1990,56,,,BERTHA,1990-07-31 00:00:00,TS,36.6,-67.0,70,974,hurdat_atl,main,623,590,O_____________,hurdat_atl,AL031990,36.6,-67.0, ,HU,70.0,974,1.0, , , , , , , , , , , , , , , , , , , , , , , , , , , , , , , ,10,23,Jul,0.33,0.33,0.33,20.278086
1990216N13281,1990,60,,GM,DIANA,1990-08-07 18:00:00,TS,20.9,-96.8,85,980,hurdat_atl,main,45,30,O_____________,hurdat_atl,AL051990,20.9,-96.8, ,HU,85.0,980,2.0, , , , , , , , , , , , , , , , , , , , , , , , , , , , , , , ,10,273,Aug,0.38,0.38,0.38,25.740028
1990236N13314,1990,74,,,GUSTAV,1990-08-31 06:00:00,TS,30.3,-57.5,105,956,hurdat_atl,main,1560,1555,O_____________,hurdat_atl,AL081990,30.3,-57.5, ,HU,105.0,956,3.0, , , , , , , , , , , , , , , , , , , , , , , , , , , , , , , ,14,8,Aug,0.38,0.38,0.38,22.057768
1990247N07337,1990,81,,,ISIDORE,1990-09-07 12:00:00,TS,18.5,-37.6,85,978,hurdat_atl,main,2160,2156,O_____________,hurdat_atl,AL101990,18.5,-37.6, ,HU,85.0,978,2.0, , , , , , , , , , , , , , , , , , , , , , , , , , , , , , , ,14,349,Sep,0.39,0.39,0.39,24.423498
1990264N14328,1990,91,,,JOSEPHINE,1990-10-05 18:00:00,TS,34.1,-38.4,75,980,hurdat_atl,main,1864,1773,O_____________,hurdat_atl,AL121990,34.1,-38.4, ,HU,75.0,980,1.0, , , , , , , , , , , , , , , , , , , , , , , , , , , , , , , ,23,10,Oct,0.35,0.35,0.35,19.637413
1990277N16301,1990,97,,CS,KLAUS,1990-10-05 12:00:00,TS,17.2,-61.2,70,985,hurdat_atl,main,479,466,O_____________,hurdat_atl,AL131990,17.2,-61.2, ,HU,70.0,985,1.0, , , , , , , , , , , , , , , , , , , , , , , , , , , , , , , ,2,325,Oct,0.35,0.35,0.35,26.503756
1990279N36316,1990,98,,,LILI,1990-10-11 00:00:00,TS,31.2,-55.9,65,987,hurdat_atl,main,1598,1553,O_____________,hurdat_atl,AL141990,31.2,-55.9, ,HU,65.0,987,1.0, , , , , , , , , , , , , , , , , , , , , , , , , , , , , , , ,23,266,Oct,0.35,0.35,0.35,21.089432
1990289N22300,1990,107,,,NANA,1990-10-18 06:00:00,TS,24.1,-63.8,75,990,hurdat_atl,main,664,664,O_____________,hurdat_atl,AL161990,24.1,-63.8, ,HU,75.0,990,1.0, , , , , , , , , , , , , , , , , , , , , , , , , , , , , , , ,8,342,Oct,0.35,0.35,0.35,25.141771
1991228N26286,1991,52,,,BOB,1991-08-19 06:00:00,TS,36.5,-74.5,100,950,hurdat_atl,main,112,112,O_____________,hurdat_atl,AL031991,36.5,-74.5, ,HU,100.0,950,3.0, , , , , , , , , , , , , , , , , , , , , , , , , , , , , , , ,24,23,Aug,0.64,0.64,0.64,17.323282
1991248N27304,1991,60,,,CLAUDETTE,1991-09-07 10:00:00,TS,27.0,-61.5,115,944,hurdat_atl,main,1049,1044,O_____________,hurdat_atl,AL061991,27.0,-61.5,I,HU,115.0,944,4.0, , , , , , , , , , , , , , , , , , , , , , , , , , , , , , , ,8,314,Sep,0.62,0.62,0.62,24.250011
1991299N27295,1991,83,,,GRACE,1991-10-29 14:00:00,TS,31.5,-61.8,90,982,hurdat_atl,main,1349,1353,O_____________,hurdat_atl,AL111991,31.5,-61.8,W,HU,90.0,982,2.0, , , , , , , , , , , , , , , , , , , , , , , , , , , , , , , ,36,86,Oct,0.79,0.79,0.79,20.803308
1991302N44301,1991,87,,,NOT_NAMED,1991-11-01 18:00:00,TS,38.2,-66.5,65,980,hurdat_atl,main,490,463,O_____________,hurdat_atl,AL121991,38.2,-66.5, ,HU,65.0,980,1.0, , , , , , , , , , , , , , , , , , , , , , , , , , , , , , , ,13,20,Nov,1.21,1.21,1.21,18.072832
1992230N11325,1992,69,,,ANDREW,1992-08-23 18:00:00,TS,25.4,-75.8,150,922,hurdat_atl,main,215,142,O_____________,hurdat_atl,AL041992,25.4,-75.8, ,HU,150.0,922,5.0, , , , , , , , , , , , , , , , , , , , , , , , , , , , , , , ,14,270,Aug,0.09,0.09,0.09,24.764662
1992262N34301,1992,90,,,BONNIE,1992-09-21 18:00:00,TS,37.5,-52.3,95,965,hurdat_atl,main,1014,1005,O_____________,hurdat_atl,AL051992,37.5,-52.3, ,HU,95.0,965,2.0, , , , , , , , , , , , , , , , , , , , , , , , , , , , , , , ,7,70,Sep,-0.13,-0.13,-0.13,20.063126
1992266N30327,1992,94,,,CHARLEY,1992-09-24 18:00:00,TS,36.1,-34.1,95,965,hurdat_atl,main,1839,1830,O_____________,hurdat_atl,AL061992,36.1,-34.1, ,HU,95.0,965,2.0, , , , , , , , , , , , , , , , , , , , , , , , , , , , , , , ,2,77,Sep,-0.13,-0.13,-0.13,18.081392
1992297N26299,1992,115,,,FRANCES,1992-10-24 12:00:00,TS,30.6,-58.8,75,976,hurdat_atl,main,1525,1498,O_____________,hurdat_atl,AL101992,30.6,-58.8, ,HU,75.0,976,1.0, , , , , , , , , , , , , , , , , , , , , , , , , , , , , , , ,17,41,Oct,-0.25,-0.25,-0.25,22.057768
1993235N20307,1993,59,,,EMILY,1993-08-31 18:00:00,TS,34.5,-75.2,100,962,hurdat_atl,main,109,70,O_____________,hurdat_atl,AL051993,34.5,-75.2, ,HU,100.0,962,3.0, , , , , , , , , , , , , , , , , , , , , , , , , , , , , , , ,12,358,Aug,0.25,0.25,0.25,21.142387
1993251N25293,1993,66,,,FLOYD,1993-09-09 18:00:00,TS,41.7,-58.3,65,990,hurdat_atl,main,449,442,O_____________,hurdat_atl,AL071993,41.7,-58.3, ,HU,65.0,990,1.0, , , , , , , , , , , , , , , , , , , , , , , , , , , , , , , ,39,54,Sep,0.15,0.15,0.15,12.723577
1993258N11279,1993,69,,GM,GERT,1993-09-20 18:00:00,TS,21.3,-97.0,85,970,hurdat_atl,main,41,0,O_____________,hurdat_atl,AL081993,21.3,-97.0, ,HU,85.0,970,2.0, , , , , , , , , , , , , , , , , , , , , , , , , , , , , , , ,10,265,Sep,0.15,0.15,0.15,
1993262N27298,1993,71,,,HARVEY,1993-09-20 18:00:00,TS,35.6,-55.2,65,990,hurdat_atl,main,1177,1101,O_____________,hurdat_atl,AL091993,35.6,-55.2, ,HU,65.0,990,1.0, , , , , , , , , , , , , , , , , , , , , , , , , , , , , , , ,31,41,Sep,0.15,0.15,0.15,20.291077
1994229N11321,1994,68,,,CHRIS,1994-08-19 00:00:00,TS,17.0,-50.6,70,985,hurdat_atl,main,1303,1295,O_____________,hurdat_atl,AL041994,17.0,-50.6, ,HU,70.0,985,1.0, , , , , , , , , , , , , , , , , , , , , , , , , , , , , , , ,16,309,Aug,0.43,0.43,0.43,25.67559
1994306N23313,1994,107,,,FLORENCE,1994-11-08 00:00:00,TS,37.0,-49.9,95,972,hurdat_atl,main,1101,1049,O_____________,hurdat_atl,AL111994,37.0,-49.9, ,HU,95.0,972,2.0, , , , , , , , , , , , , , , , , , , , , , , , , , , , , , , ,36,58,Nov,1.01,1.01,1.01,20.175875
1994313N12278,1994,108,,,GORDON,1994-11-18 00:00:00,TS,33.1,-74.2,75,980,hurdat_atl,main,276,248,O_____________,hurdat_atl,AL121994,33.1,-74.2, ,HU,75.0,980,1.0, , , , , , , , , , , , , , , , , , , , , , , , , , , , , , , ,10,0,Nov,1.01,1.01,1.01,21.280745
1995154N17276,1995,27,,GM,ALLISON,1995-06-04 12:00:00,TS,24.7,-86.2,65,987,hurdat_atl,main,316,316,O_____________,hurdat_atl,AL011995,24.7,-86.2, ,HU,65.0,987,1.0, , , , , , , , , , , , , , , , , , , , , , , , , , , , , , , ,15,3,Jun,-0.03,-0.03,-0.03,26.216478
1995212N22287,1995,38,,GM,ERIN,1995-08-03 13:30:00,TS,30.0,-86.8,85,973,hurdat_atl,main,44,22,O_____________,hurdat_atl,AL051995,30.0,-86.8,I,HU,85.0,973,2.0, , , , , , , , , , , , , , , , , , , , , , , , , , , , , , , ,11,315,Aug,-0.54,-0.54,-0.54,20.519907
1995220N14329,1995,43,,,FELIX,1995-08-12 18:00:00,TS,24.3,-61.0,120,929,hurdat_atl,main,813,813,O_____________,hurdat_atl,AL071995,24.3,-61.0, ,HU,120.0,929,4.0, , , , , , , , , , , , , , , , , , , , , , , , , , , , , , , ,10,320,Aug,-0.54,-0.54,-0.54,25.028599
1995234N13327,1995,51,,,HUMBERTO,1995-08-24 18:00:00,TS,15.7,-43.2,95,968,hurdat_atl,main,1554,1547,O_____________,hurdat_atl,AL091995,15.7,-43.2, ,HU,95.0,968,2.0, , , , , , , , , , , , , , , , , , , , , , , , , , , , , , , ,7,302,Aug,-0.54,-0.54,-0.54,25.289316
1995235N13311,1995,52,,,IRIS,1995-09-01 06:00:00,TS,25.5,-58.8,95,965,hurdat_atl,main,1058,1058,O_____________,hurdat_atl,AL101995,25.5,-58.8, ,HU,95.0,965,2.0, , , , , , , , , , , , , , , , , , , , , , , , , , , , , , , ,2,343,Sep,-0.81,-0.81,-0.81,24.039808
1995241N11333,1995,57,,,LUIS,1995-09-04 06:00:00,TS,17.0,-56.8,130,940,hurdat_atl,main,838,805,O_____________,hurdat_atl,AL131995,17.0,-56.8, ,HU,130.0,940,4.0, , , , , , , , , , , , , , , , , , , , , , , , , , , , , , , ,11,268,Sep,-0.81,-0.81,-0.81,26.193798
1995256N12309,1995,65,,,MARILYN,1995-09-16 18:00:00,TS,19.7,-66.4,100,950,hurdat_atl,main,145,145,O_____________,hurdat_atl,AL151995,19.7,-66.4, ,HU,100.0,950,3.0, , , , , , , , , , , , , , , , , , , , , , , , , , , , , , , ,9,320,Sep,-0.81,-0.81,-0.81,26.352373
1995270N10322,1995,72,,,NOEL,1995-09-28 18:00:00,TS,15.2,-42.6,65,987,hurdat_atl,main,1548,1548,O_____________,hurdat_atl,AL161995,15.2,-42.6, ,HU,65.0,987,1.0, , , , , , , , , , , , , , , , , , , , , , , , , , , , , , , ,7,351,Sep,-0.81,-0.81,-0.81,25.136518
1995271N19273,1995,73,,GM,OPAL,1995-10-04 10:00:00,TS,26.6,-88.8,130,916,hurdat_atl,main,269,209,O_____________,hurdat_atl,AL171995,26.6,-88.8,I,HU,130.0,916,4.0, , , , , , , , , , , , , , , , , , , , , , , , , , , , , , , ,21,23,Oct,-0.97,-0.97,-0.97,24.800041
1995281N14278,1995,79,,CS,ROXANNE,1995-10-10 21:52:00,TS,20.0,-86.7,100,956,hurdat_atl,main,83,52,O_____________,hurdat_atl,AL191995,20.0,-86.7,I,HU,100.0,956,3.0, , , , , , , , , , , , , , , , , , , , , , , , , , , , , , , ,8,271,Oct,-0.97,-0.97,-0.97,27.234041
1995300N25301,1995,86,,,TANYA,1995-10-30 18:00:00,TS,33.8,-51.8,75,977,hurdat_atl,main,1429,1392,O_____________,hurdat_atl,AL211995,33.8,-51.8, ,HU,75.0,977,1.0, , , , , , , , , , , , , , , , , , , , , , , , , , , , , , , ,16,62,Oct,-0.97,-0.97,-0.97,20.545712
1996187N10326,1996,48,,,BERTHA,1996-07-09 06:00:00,TS,20.3,-67.7,100,960,hurdat_atl,main,192,182,O_____________,hurdat_atl,AL021996,20.3,-67.7, ,HU,100.0,960,3.0, , , , , , , , , , , , , , , , , , , , , , , , , , , , , , , ,19,303,Jul,-0.27,-0.27,-0.27,26.4337
1996207N12297,1996,55,,,CESAR,1996-07-28 04:00:00,TS,12.2,-83.9,75,985,hurdat_atl,main,0,0,O_____________,hurdat_atl,AL031996,12.2,-83.9,L,HU,75.0,985,1.0, , , , , , , , , , , , , , , , , , , , , , , , , , , , , , , ,11,285,Jul,-0.27,-0.27,-0.27,
1996232N17280,1996,68,,,DOLLY,1996-08-23 12:00:00,TS,21.6,-97.7,70,989,hurdat_atl,main,0,0,O_____________,hurdat_atl,AL041996,21.6,-97.7,L,HU,70.0,989,1.0, , , , , , , , , , , , , , , , , , , , , , , , , , , , , , , ,15,275,Aug,-0.32,-0.32,-0.32,
1996233N12340,1996,70,,,EDOUARD,1996-08-25 06:00:00,TS,15.4,-47.0,125,933,hurdat_atl,main,1296,1285,O_____________,hurdat_atl,AL051996,15.4,-47.0, ,HU,125.0,933,4.0, , , , , , , , , , , , , , , , , , , , , , , , , , , , , , , ,13,290,Aug,-0.32,-0.32,-0.32,25.553562
1996237N14339,1996,71,,,FRAN,1996-09-04 12:00:00,TS,27.0,-74.7,105,956,hurdat_atl,main,391,379,O_____________,hurdat_atl,AL061996,27.0,-74.7, ,HU,105.0,956,3.0, , , , , , , , , , , , , , , , , , , , , , , , , , , , , , , ,10,311,Sep,-0.35,-0.35,-0.35,24.471052
1996248N15319,1996,78,,,HORTENSE,1996-09-13 00:00:00,TS,25.9,-71.5,120,935,hurdat_atl,main,547,547,O_____________,hurdat_atl,AL081996,25.9,-71.5, ,HU,120.0,935,4.0, , , , , , , , , , , , , , , , , , , , , , , , , , , , , , , ,13,8,Sep,-0.35,-0.35,-0.35,24.42981
1996269N09337,1996,89,,,ISIDORE,1996-09-28 00:00:00,TS,15.8,-42.9,100,960,hurdat_atl,main,1582,1582,O_____________,hurdat_atl,AL091996,15.8,-42.9, ,HU,100.0,960,3.0, , , , , , , , , , , , , , , , , , , , , , , , , , , , , , , ,10,335,Sep,-0.35,-0.35,-0.35,25.136518
1996289N13280,1996,99,,,LILI,1996-10-19 12:00:00,TS,24.4,-74.0,100,960,hurdat_atl,main,366,364,O_____________,hurdat_atl,AL121996,24.4,-74.0, ,HU,100.0,960,3.0, , , , , , , , , , , , , , , , , , , , , , , , , , , , , , , ,24,65,Oct,-0.4,-0.4,-0.4,25.378973
1996319N11283,1996,113,,CS,MARCO,1996-11-20 06:00:00,TS,13.8,-78.5,65,983,hurdat_atl,main,458,425,O_____________,hurdat_atl,AL131996,13.8,-78.5, ,HU,65.0,983,1.0, , , , , , , , , , , , , , , , , , , , , , , , , , , , , , , ,9,78,Nov,-0.45,-0.45,-0.45,27.47158
1997192N30290,1997,48,,,BILL,1997-07-12 12:00:00,TS,37.9,-61.1,65,987,hurdat_atl,main,715,679,O_____________,hurdat_atl,AL031997,37.9,-61.1, ,HU,65.0,987,1.0, , , , , , , , , , , , , , , , , , , , , , , , , , , , , , , ,25,47,Jul,1.6,1.6,1.6,20.47461
1997198N27267,1997,54,,GM,DANNY,1997-07-18 12:00:00,TS,29.5,-89.4,70,990,hurdat_atl,main,9,9,O_____________,hurdat_atl,AL051997,29.5,-89.4, ,HU,70.0,990,1.0, , , , , , , , , , , , , , , , , , , , , , , , , , , , , , , ,5,53,Jul,1.6,1.6,1.6,20.442669
1997246N11316,1997,77,,,ERIKA,1997-09-08 18:00:00,TS,23.2,-62.5,110,952,hurdat_atl,main,625,625,O_____________,hurdat_atl,AL071997,23.2,-62.5, ,HU,110.0,952,3.0, , , , , , , , , , , , , , , , , , , , , , , , , , , , , , , ,9,28,Sep,2.14,2.14,2.14,25.028599
1998232N15312,1998,50,,,BONNIE,1998-08-23 12:00:00,TS,24.1,-71.5,100,958,hurdat_atl,main,358,358,O_____________,hurdat_atl,AL021998,24.1,-71.5, ,HU,100.0,958,3.0, , , , , , , , , , , , , , , , , , , , , , , , , , , , , , , ,3,327,Aug,-1.12,-1.12,-1.12,25.38442
1998236N13326,1998,54,,,DANIELLE,1998-08-26 06:00:00,TS,18.4,-49.1,90,975,hurdat_atl,main,1505,1474,O_____________,hurdat_atl,AL041998,18.4,-49.1, ,HU,90.0,975,2.0, , , , , , , , , , , , , , , , , , , , , , , , , , , , , , , ,20,293,Aug,-1.12,-1.12,-1.12,25.191166
1998244N22267,1998,57,,GM,EARL,1998-09-02 18:00:00,TS,28.7,-87.9,85,988,hurdat_atl,main,115,115,O_____________,hurdat_atl,AL051998,28.7,-87.9, ,HU,85.0,988,2.0, , , , , , , , , , , , , , , , , , , , , , , , , , , , , , , ,11,58,Sep,-1.31,-1.31,-1.31,22.774446
1998259N10335,1998,63,,,GEORGES,1998-09-20 06:00:00,TS,16.0,-56.3,135,937,hurdat_atl,main,781,743,O_____________,hurdat_atl,AL071998,16.0,-56.3, ,HU,135.0,937,4.0, , , , , , , , , , , , , , , , , , , , , , , , , , , , , , , ,14,281,Sep,-1.31,-1.31,-1.31,26.193798
1998262N13333,1998,67,,,IVAN,1998-09-26 06:00:00,TS,39.2,-36.3,80,975,hurdat_atl,main,1590,1590,O_____________,hurdat_atl,AL091998,39.2,-36.3, ,HU,80.0,975,1.0, , , , , , , , , , , , , , , , , , , , , , , , , , , , , , , ,24,65,Sep,-1.31,-1.31,-1.31,16.96011
1998264N10343,1998,69,,,JEANNE,1998-09-24 06:00:00,TS,15.9,-33.4,90,971,hurdat_atl,main,1710,1710,O_____________,hurdat_atl,AL101998,15.9,-33.4, ,HU,90.0,971,2.0, , , , , , , , , , , , , , , , , , , , , , , , , , , , , , , ,12,294,Sep,-1.31,-1.31,-1.31,24.401867
1998267N33295,1998,71,,,KARL,1998-09-27 00:00:00,TS,33.9,-47.3,90,970,hurdat_atl,main,1497,1448,O_____________,hurdat_atl,AL111998,33.9,-47.3, ,HU,90.0,970,2.0, , , , , , , , , , , , , , , , , , , , , , , , , , , , , , , ,21,45,Sep,-1.31,-1.31,-1.31,20.712051
1998278N14314,1998,77,,,LISA,1998-10-09 12:00:00,TS,41.6,-38.7,65,995,hurdat_atl,main,1271,1073,O_____________,hurdat_atl,AL121998,41.6,-38.7, ,HU,65.0,995,1.0, , , , , , , , , , , , , , , , , , , , , , , , , , , , , , , ,53,350,Oct,-1.35,-1.35,-1.35,16.587505
1998295N12284,1998,89,,CS,MITCH,1998-10-26 18:00:00,TS,16.9,-83.1,155,905,hurdat_atl,main,174,165,O_____________,hurdat_atl,AL131998,16.9,-83.1, ,HU,155.0,905,5.0, , , , , , , , , , , , , , , , , , , , , , , , , , , , , , , ,6,300,Oct,-1.35,-1.35,-1.35,
1998328N28332,1998,97,,,NICOLE,1998-12-01 00:00:00,TS,35.1,-37.9,75,979,hurdat_atl,main,1805,1803,O_____________,hurdat_atl,AL141998,35.1,-37.9, ,HU,75.0,979,1.0, , , , , , , , , , , , , , , , , , , , , , , , , , , , , , , ,21,52,Dec,-1.57,-1.57,-1.57,18.71694
1999231N14341,1999,64,,,CINDY,1999-08-28 12:00:00,TS,30.1,-58.0,120,942,hurdat_atl,main,1516,1516,O_____________,hurdat_atl,AL041999,30.1,-58.0, ,HU,120.0,942,4.0, , , , , , , , , , , , , , , , , , , , , , , , , , , , , , , ,9,329,Aug,-1.11,-1.11,-1.11,22.057768
1999231N20266,1999,65,,GM,BRET,1999-08-22 06:00:00,TS,25.5,-95.5,125,950,hurdat_atl,main,169,130,O_____________,hurdat_atl,AL031999,25.5,-95.5, ,HU,125.0,950,4.0, , , , , , , , , , , , , , , , , , , , , , , , , , , , , , , ,9,329,Aug,-1.11,-1.11,-1.11,23.620203
1999236N22292,1999,71,,,DENNIS,1999-08-28 18:00:00,TS,27.7,-77.3,90,969,hurdat_atl,main,284,275,O_____________,hurdat_atl,AL051999,27.7,-77.3, ,HU,90.0,969,2.0, , , , , , , , , , , , , , , , , , , , , , , , , , , , , , , ,7,331,Aug,-1.11,-1.11,-1.11,24.54363
1999251N15314,1999,75,,,FLOYD,1999-09-13 06:00:00,TS,23.6,-70.0,135,922,hurdat_atl,main,408,372,O_____________,hurdat_atl,AL081999,23.6,-70.0, ,HU,135.0,922,4.0, , , , , , , , , , , , , , , , , , , , , , , , , , , , , , , ,13,282,Sep,-1.16,-1.16,-1.16,25.319891
1999255N13336,1999,78,,,GERT,1999-09-16 00:00:00,TS,17.8,-50.8,130,930,hurdat_atl,main,1356,1328,O_____________,hurdat_atl,AL091999,17.8,-50.8, ,HU,130.0,930,4.0, , , , , , , , , , , , , , , , , , , , , , , , , , , , , , , ,8,280,Sep,-1.16,-1.16,-1.16,25.191166
1999286N16278,1999,89,,,IRENE,1999-10-18 06:00:00,TS,34.8,-75.2,95,964,hurdat_atl,main,100,92,O_____________,hurdat_atl,AL131999,34.8,-75.2, ,HU,95.0,964,2.0, , , , , , , , , , , , , , , , , , , , , , , , , , , , , , , ,26,50,Oct,-1.26,-1.26,-1.26,21.142387
1999291N10309,1999,92,,CS,JOSE,1999-10-20 12:00:00,TS,16.8,-61.1,85,980,hurdat_atl,main,502,454,O_____________,hurdat_atl,AL141999,16.8,-61.1, ,HU,85.0,980,2.0, , , , , , , , , , , , , , , , , , , , , , , , , , , , , , , ,10,298,Oct,-1.26,-1.26,-1.26,26.927765
1999318N17278,1999,98,,CS,LENNY,1999-11-17 18:00:00,TS,17.4,-64.8,135,933,hurdat_atl,main,123,123,O_____________,hurdat_atl,AL161999,17.4,-64.8,L,HU,135.0,933,4.0, , , , , , , , , , , , , , , , , , , , , , , , , , , , , , , ,7,56,Nov,-1.46,-1.46,-1.46,26.661036
2000217N11342,2000,56,,,ALBERTO,2000-08-12 12:00:00,TS,35.9,-55.3,110,950,hurdat_atl,main,1143,1125,O_____________,hurdat_atl,AL032000,35.9,-55.3, ,HU,110.0,950,3.0, , , , , , , , , , , , , , , , , , , , , , , , , , , , , , , ,15,53,Aug,-0.51,-0.51,-0.51,20.291077
2000233N12316,2000,69,,,DEBBY,2000-08-21 12:00:00,TS,15.7,-56.3,75,1004,hurdat_atl,main,756,697,O_____________,hurdat_atl,AL072000,15.7,-56.3, ,HU,75.0,1004,1.0, , , , , , , , , , , , , , , , , , , , , , , , , , , , , , , ,23,278,Aug,-0.51,-0.51,-0.51,26.193798
2000255N31289,2000,81,,,FLORENCE,2000-09-16 18:00:00,TS,36.1,-61.8,70,985,hurdat_atl,main,875,827,O_____________,hurdat_atl,AL102000,36.1,-61.8, ,HU,70.0,985,1.0, , , , , , , , , , , , , , , , , , , , , , , , , , , , , , , ,26,48,Sep,-0.55,-0.55,-0.55,20.808365
2000259N20273,2000,83,,GM,GORDON,2000-09-17 06:00:00,TS,26.1,-84.9,70,981,hurdat_atl,main,264,212,O_____________,hurdat_atl,AL112000,26.1,-84.9, ,HU,70.0,981,1.0, , , , , , , , , , , , , , , , , , , , , , , , , , , , , , , ,11,28,Sep,-0.55,-0.55,-0.55,24.256256
2000266N12337,2000,88,,,ISAAC,2000-09-28 18:00:00,TS,26.6,-54.2,120,943,hurdat_atl,main,1485,1482,O_____________,hurdat_atl,AL132000,26.6,-54.2, ,HU,120.0,943,4.0, , , , , , , , , , , , , , , , , , , , , , , , , , , , , , , ,18,326,Sep,-0.55,-0.55,-0.55,23.697472
2000270N11330,2000,89,,,JOYCE,2000-09-28 06:00:00,TS,12.2,-42.5,80,975,hurdat_atl,main,1311,1248,O_____________,hurdat_atl,AL142000,12.2,-42.5, ,HU,80.0,975,1.0, , , , , , , , , , , , , , , , , , , , , , , , , , , , , , , ,13,253,Sep,-0.55,-0.55,-0.55,25.730373
2000273N16277,2000,91,,CS,KEITH,2000-10-01 06:00:00,TS,17.9,-87.2,120,941,hurdat_atl,main,71,62,O_____________,hurdat_atl,AL152000,17.9,-87.2, ,HU,120.0,941,4.0, , , , , , , , , , , , , , , , , , , , , , , , , , , , , , , ,4,270,Oct,-0.63,-0.63,-0.63,27.276806
2000290N30289,2000,96,,,MICHAEL,2000-10-19 18:00:00,TS,44.0,-58.5,85,965,hurdat_atl,main,232,154,O_____________,hurdat_atl,AL172000,44.0,-58.5, ,HU,85.0,965,2.0, , , , , , , , , , , , , , , , , , , , , , , , , , , , , , , ,47,23,Oct,-0.63,-0.63,-0.63,5.134265
2001245N13326,2001,54,,,ERIN,2001-09-09 18:00:00,TS,32.4,-62.8,105,968,hurdat_atl,main,1215,1167,O_____________,hurdat_atl,AL062001,32.4,-62.8, ,HU,105.0,968,3.0, , , , , , , , , , , , , , , , , , , , , , , , , , , , , , , ,10,335,Sep,-0.19,-0.19,-0.19,20.803308
2001251N14332,2001,59,,,FELIX,2001-09-14 00:00:00,TS,28.2,-47.2,100,962,hurdat_atl,main,2114,2064,O_____________,hurdat_atl,AL072001,28.2,-47.2, ,HU,100.0,962,3.0, , , , , , , , , , , , , , , , , , , , , , , , , , , , , , , ,13,29,Sep,-0.19,-0.19,-0.19,22.832445
2001255N26276,2001,62,,,GABRIELLE,2001-09-17 12:00:00,TS,35.3,-66.6,70,983,hurdat_atl,main,771,754,O_____________,hurdat_atl,AL082001,35.3,-66.6, ,HU,70.0,983,1.0,200,250,150,200, , , , , , , , ,1010,225,25, , , , , , , , , , , , , , , , ,19,53,Sep,-0.19,-0.19,-0.19,20.531498
2001265N25296,2001,69,,,HUMBERTO,2001-09-26 12:00:00,TS,41.0,-59.2,90,970,hurdat_atl,main,491,468,O_____________,hurdat_atl,AL102001,41.0,-59.2, ,HU,90.0,970,2.0, , , , , , , , , , , , , , , , , , , , , , , , , , , , , , , ,12,55,Sep,-0.19,-0.19,-0.19,18.13797
2001278N12302,2001,76,,CS,IRIS,2001-10-09 00:00:00,TS,16.5,-88.0,125,948,hurdat_atl,main,42,15,O_____________,hurdat_atl,AL112001,16.5,-88.0, ,HU,125.0,948,4.0, , , , , , , , , , , , , , , , , , , , , , , , , , , , , , , ,16,253,Oct,-0.29,-0.29,-0.29,
2001284N28297,2001,81,,,KAREN,2001-10-14 06:00:00,TS,38.6,-63.7,70,982,hurdat_atl,main,561,526,O_____________,hurdat_atl,AL132001,38.6,-63.7, ,HU,70.0,982,1.0,160,130,100,160, , , , , , , , ,1016,225,25, , , , , , , , , , , , , , , , ,7,0,Oct,-0.29,-0.29,-0.29,19.511806
2001303N13276,2001,87,,CS,MICHELLE,2001-11-04 06:00:00,TS,20.1,-83.3,120,944,hurdat_atl,main,154,112,O_____________,hurdat_atl,AL152001,20.1,-83.3, ,HU,120.0,944,4.0,125,125,125,125, , , , , , , , ,1008,175,15, , , , , , , , , , , , , , , , ,8,47,Nov,-0.35,-0.35,-0.35,27.372984
2001308N34310,2001,89,,,NOEL,2001-11-05 12:00:00,TS,37.8,-50.3,65,986,hurdat_atl,main,1007,952,O_____________,hurdat_atl,AL162001,37.8,-50.3, ,HU,65.0,986,1.0,225,175,200,200, , , , , , , , ,1008,225,75, , , , , , , , , , , , , , , , ,9,355,Nov,-0.35,-0.35,-0.35,19.906925
2001327N31309,2001,97,,,OLGA,2001-11-27 06:00:00,TS,32.6,-57.0,80,973,hurdat_atl,main,1411,1411,O_____________,hurdat_atl,AL172001,32.6,-57.0, ,HU,80.0,973,1.0, , , , , , , , , , , , , , , , , , , , , , , , , , , , , , , ,7,230,Nov,-0.35,-0.35,-0.35,20.965853
2002252N29289,2002,65,,,GUSTAV,2002-09-11 18:00:00,TS,40.3,-66.8,85,964,hurdat_atl,main,309,224,O_____________,hurdat_atl,AL082002,40.3,-66.8, ,HU,85.0,964,2.0,150,225,150,100, , , , , , , , ,995,250,60, , , , , , , , , , , , , , , , ,41,51,Sep,1.01,1.01,1.01,12.115125
2002258N10300,2002,67,,GM,ISIDORE,2002-09-21 18:00:00,TS,21.9,-86.1,110,946,hurdat_atl,main,98,91,O_____________,hurdat_atl,AL102002,21.9,-86.1, ,HU,110.0,946,3.0,150,150,75,150, , , , , , , , ,1005,150,10, , , , , , , , , , , , , , , , ,3,288,Sep,1.01,1.01,1.01,26.790491
2002264N28308,2002,72,,,KYLE,2002-09-26 12:00:00,TS,27.9,-58.3,75,982,hurdat_atl,main,1296,1273,O_____________,hurdat_atl,AL122002,27.9,-58.3, ,HU,75.0,982,1.0,125,125,125,125, , , , , , , , ,1010,175,15, , , , , , , , , , , , , , , , ,7,255,Sep,1.01,1.01,1.01,23.147629
2002265N10315,2002,73,,GM,LILI,2002-10-02 20:13:00,TS,25.9,-89.9,125,938,hurdat_atl,main,355,344,V_____________,hurdat_atl,AL132002,25.9,-89.9,I,HU,125.0,938,4.0,163,137,84,140, , , , , , , , ,1012,180,8, , , , , , , , , , , , , , , , ,16,326,Oct,1.21,1.21,1.21,24.16544
2003188N11307,2003,42,,GM,CLAUDETTE,2003-07-15 15:30:00,TS,28.3,-96.2,80,979,hurdat_atl,main,22,0,V_____________,hurdat_atl,AL042003,28.3,-96.2,L,HU,80.0,979,1.0,120,120,40,72, , , , , , , , ,1013,180,15, , , , , , , , , , , , , , , , ,16,294,Jul,0.08,0.08,0.08,22.199953
2003198N31306,2003,47,,,DANNY,2003-07-18 18:00:00,TS,39.2,-53.4,65,1002,hurdat_atl,main,822,779,O_____________,hurdat_atl,AL052003,39.2,-53.4, ,HU,65.0,1002,1.0,75,75,75,75, , , , , , , , ,1020,140,25, , , , , , , , , , , , , , , , ,16,52,Jul,0.08,0.08,0.08,18.280687
2003227N26277,2003,58,,GM,ERIKA,2003-08-16 10:30:00,TS,25.3,-97.4,65,986,hurdat_atl,main,0,0,V_____________,hurdat_atl,AL082003,25.3,-97.4,L,HU,65.0,986,1.0,37,60,60,48, , , , , , , , ,1015,150,25, , , , , , , , , , , , , , , , ,10,247,Aug,0.21,0.21,0.21,
2003240N15329,2003,64,,,FABIAN,2003-09-01 18:00:00,TS,19.0,-57.3,125,944,hurdat_atl,main,876,825,O_____________,hurdat_atl,AL102003,19.0,-57.3, ,HU,125.0,944,4.0,120,90,75,120, , , , , , , , ,1013,225,10, , , , , , , , , , , , , , , , ,10,288,Sep,0.26,0.26,0.26,26.001047
2003249N14329,2003,71,,,ISABEL,2003-09-11 18:00:00,TS,21.5,-54.8,145,915,hurdat_atl,main,1180,1140,O_____________,hurdat_atl,AL132003,21.5,-54.8, ,HU,145.0,915,5.0,160,120,100,140, , , , , , , , ,1010,225,20, , , , , , , , , , , , , , , , ,8,277,Sep,0.26,0.26,0.26,24.676802
2003268N28298,2003,77,,,JUAN,2003-09-27 18:00:00,TS,35.5,-63.2,90,969,hurdat_atl,main,906,869,O_____________,hurdat_atl,AL152003,35.5,-63.2, ,HU,90.0,969,2.0,175,100,50,120, , , , , , , , ,1012,150,20, , , , , , , , , , , , , , , , ,6,329,Sep,0.26,0.26,0.26,20.815498
2003269N12322,2003,78,,,KATE,2003-10-04 18:00:00,TS,30.2,-54.0,110,952,hurdat_atl,main,1763,1737,O_____________,hurdat_atl,AL162003,30.2,-54.0, ,HU,110.0,952,3.0,175,125,75,100, , , , , , , , ,1011,180,20, , , , , , , , , , , , , , , , ,8,277,Oct,0.29,0.29,0.29,22.150415
2004214N30282,2004,44,,,ALEX,2004-08-05 00:00:00,TS,38.5,-66.0,105,957,hurdat_atl,main,491,491,O_____________,hurdat_atl,AL012004,38.5,-66.0, ,HU,105.0,957,3.0,80,150,125,75,50,80,60,50,30,50,30,20,1008,200,20, , , , , , , , , , , , , , , , ,22,67,Aug,0.64,0.64,0.64,18.072832
2004223N11301,2004,50,,GM,CHARLEY,2004-08-13 19:45:00,TS,26.6,-82.2,130,941,hurdat_atl,main,9,0,V_____________,hurdat_atl,AL032004,26.6,-82.2,L,HU,130.0,941,4.0,40,75,64,47,30,40,37,25,20,20,12,10, , , , , , , , , , , , , , , , , , , ,18,19,Aug,0.64,0.64,0.64,24.210188
2004227N12338,2004,52,,,DANIELLE,2004-08-16 18:00:00,TS,19.0,-38.2,95,964,hurdat_atl,main,2175,2175,O_____________,hurdat_atl,AL042004,19.0,-38.2, ,HU,95.0,964,2.0,75,90,60,60,60,60,40,40,25,25,20,20, , , ,10, , , , , , , , , ,110, , , , , ,15,329,Aug,0.64,0.64,0.64,24.423498
2004238N11325,2004,60,,,FRANCES,2004-08-31 18:00:00,TS,20.3,-65.0,125,942,hurdat_atl,main,221,216,O_____________,hurdat_atl,AL062004,20.3,-65.0, ,HU,125.0,942,4.0,160,130,120,160,100,90,75,90,55,45,45,60, , , , , , , , , , , , , ,145, , , , , ,14,282,Aug,0.64,0.64,0.64,26.352373
2004241N32282,2004,65,,,GASTON,2004-08-29 12:00:00,TS,32.8,-79.5,65,986,hurdat_atl,main,21,0,O_____________,hurdat_atl,AL072004,32.8,-79.5, ,HU,65.0,986,1.0,50,50,30,30,25,25,20,20,10,10, , , , , , , , , , , , , , , ,75, , , , , ,7,346,Aug,0.64,0.64,0.64,22.75975
2004247N10332,2004,68,,CS,IVAN,2004-09-11 18:00:00,TS,18.0,-79.0,145,920,hurdat_atl,main,67,67,O_____________,hurdat_atl,AL092004,18.0,-79.0, ,HU,145.0,920,5.0,150,100,100,150,75,60,60,75,60,30,30,60, , , , , , , , , , , , , ,155, , , , , ,6,295,Sep,0.7,0.7,0.7,27.555813
2004258N16300,2004,75,,,JEANNE,2004-09-25 18:00:00,TS,26.9,-78.2,105,952,hurdat_atl,main,178,120,O_____________,hurdat_atl,AL112004,26.9,-78.2, ,HU,105.0,952,3.0,180,120,85,150,100,70,50,90,60,45,30,60, , , , , , , , , , , , , ,120, , , , , ,12,283,Sep,0.7,0.7,0.7,25.165983
2004260N11331,2004,76,,,KARL,2004-09-21 06:00:00,TS,19.6,-47.3,125,938,hurdat_atl,main,1706,1706,O_____________,hurdat_atl,AL122004,19.6,-47.3, ,HU,125.0,938,4.0,225,200,150,225,90,90,60,90,60,60,45,60, , , , , , , , , , , , , ,155, , , , , ,11,341,Sep,0.7,0.7,0.7,24.524057
2004264N13328,2004,78,,,LISA,2004-10-02 06:00:00,TS,40.3,-41.6,65,987,hurdat_atl,main,1164,1163,O_____________,hurdat_atl,AL132004,40.3,-41.6, ,HU,65.0,987,1.0,60,90,60,40,40,50, , ,20,20, , , , , , , , , , , , , , , ,80, , , , , ,22,52,Oct,0.67,0.67,0.67,18.616947
2005185N18273,2005,38,,GM,CINDY,2005-07-06 00:00:00,TS,28.5,-90.3,65,992,hurdat_atl,main,67,0,O_____________,hurdat_atl,AL032005,28.5,-90.3, ,HU,65.0,992,1.0,90,90,40,60,30,30,20,25,20,20, , ,1012,150,20, , , , , , , , , , ,75, , , , , ,12,14,Jul,-0.06,-0.06,-0.06,22.294346
2005186N12299,2005,39,,CS,DENNIS,2005-07-08 12:00:00,TS,20.9,-79.5,130,938,hurdat_atl,main,73,33,O_____________,hurdat_atl,AL042005,20.9,-79.5, ,HU,130.0,938,4.0,140,120,75,100,75,75,25,50,45,30,20,30,1011,240,10, , , , , , , , , , ,150, , , , , ,14,311,Jul,-0.06,-0.06,-0.06,27.234049
2005192N11318,2005,40,,CS,EMILY,2005-07-17 00:00:00,TS,17.1,-79.5,140,929,hurdat_atl,main,169,169,O_____________,hurdat_atl,AL052005,17.1,-79.5, ,HU,140.0,929,5.0,130,80,50,110,90,30,25,50,50,20,15,30,1011,175,10, , , , , , , , , , ,165, , , , , ,17,293,Jul,-0.06,-0.06,-0.06,27.555813
2005217N13327,2005,52,,,IRENE,2005-08-16 18:00:00,TS,36.5,-62.0,90,970,hurdat_atl,main,827,827,O_____________,hurdat_atl,AL092005,36.5,-62.0, ,HU,90.0,970,2.0,70,100,100,70,30,50,50,30,20,20,20, ,1013,175,15, , , , , , , , , , ,105, , , , , ,7,95,Aug,-0.14,-0.14,-0.14,20.808365
2005236N23285,2005,61,,GM,KATRINA,2005-08-28 18:00:00,TS,26.3,-88.6,150,902,hurdat_atl,main,305,257,O_____________,hurdat_atl,AL122005,26.3,-88.6, ,HU,150.0,902,5.0,200,180,125,180,120,120,75,120,90,90,50,90,1006,300,20, , , , , , , , , , ,185, , , , , ,10,318,Aug,-0.14,-0.14,-0.14,24.800041
2005245N19315,2005,66,,,MARIA,2005-09-06 00:00:00,TS,32.6,-56.6,100,962,hurdat_atl,main,1430,1410,O_____________,hurdat_atl,AL142005,32.6,-56.6, ,HU,100.0,962,3.0,100,100,60,80,50,50,30,40,20,20,20,20,1012,150,15, , , , , , , , , , ,115, , , , , ,4,8,Sep,-0.11,-0.11,-0.11,21.089432
2005249N26281,2005,68,,,OPHELIA,2005-09-11 06:00:00,TS,31.7,-75.9,75,978,hurdat_atl,main,313,313,O_____________,hurdat_atl,AL162005,31.7,-75.9, ,HU,75.0,978,1.0,130,130,90,130,50,50,50,50,25,25,30,30,1014,180,20, , , , , , , , , , ,90, , , , , ,1,142,Sep,-0.11,-0.11,-0.11,22.936575
2005249N28293,2005,69,,,NATE,2005-09-09 00:00:00,TS,32.6,-61.1,80,979,hurdat_atl,main,1267,1243,O_____________,hurdat_atl,AL152005,32.6,-61.1, ,HU,80.0,979,1.0,200,180,90,120,75,75,30,75,25,25,20,20,1015,200,15, , , , , , , , , , ,100, , , , , ,18,55,Sep,-0.11,-0.11,-0.11,20.803308
2005261N13306,2005,78,,,PHILIPPE,2005-09-20 00:00:00,TS,17.7,-56.6,70,985,hurdat_atl,main,915,910,O_____________,hurdat_atl,AL172005,17.7,-56.6, ,HU,70.0,985,1.0,75,75,30,30,30,30,20,20,15,15, , ,1010,150,10, , , , , , , , , , ,85, , , , , ,3,315,Sep,-0.11,-0.11,-0.11,25.751614
2005261N21290,2005,80,,GM,RITA,2005-09-22 03:00:00,TS,24.7,-87.3,155,895,hurdat_atl,main,358,358,V_____________,hurdat_atl,AL182005,24.7,-87.3,I,HU,155.0,895,5.0,160,140,100,160,95,80,60,90,60,60,40,50,1010,325,17, , , , , , , , , , , , , , , , ,7,295,Sep,-0.11,-0.11,-0.11,25.6847
2005275N19274,2005,88,,GM,STAN,2005-10-04 12:00:00,TS,18.6,-94.9,70,977,hurdat_atl,main,10,0,O_____________,hurdat_atl,AL202005,18.6,-94.9,L,HU,70.0,977,1.0,90,75,75,75,45,30,30,30,15,15,15,15,1007,200,5, , , , , , , , , , ,85, , , , , ,10,227,Oct,-0.29,-0.29,-0.29,
2005281N33339,2005,93,,,VINCE,2005-10-09 18:00:00,TS,34.1,-18.9,65,988,hurdat_atl,main,668,664,O_____________,hurdat_atl,AL242005,34.1,-18.9, ,HU,65.0,988,1.0,70,70,70,70,30,30,30,30,15,15,15,15,1010,175,15, , , , , , , , , , ,75, , , , , ,5,58,Oct,-0.29,-0.29,-0.29,17.674456
2005289N18282,2005,97,,CS,WILMA,2005-10-19 12:00:00,TS,17.3,-82.8,160,882,hurdat_atl,main,229,211,O_____________,hurdat_atl,AL252005,17.3,-82.8, ,HU,160.0,882,5.0,170,125,90,140,70,45,45,70,45,20,20,45,1009,300,10, , , , , , , , , , ,185, , , , , ,6,285,Oct,-0.29,-0.29,-0.29,27.569454
2005300N10279,2005,100,,CS,BETA,2005-10-30 06:00:00,TS,13.3,-83.1,100,962,hurdat_atl,main,43,21,O_____________,hurdat_atl,AL272005,13.3,-83.1, ,HU,100.0,962,3.0,50,50,50,50,25,25,25,25,15,15,15,15,1010,200,10, , , , , , , , , , ,120, , , , , ,6,228,Oct,-0.29,-0.29,-0.29,
2005333N32311,2005,110,,,EPSILON,2005-12-05 06:00:00,TS,34.0,-36.7,75,981,hurdat_atl,main,1970,1934,O_____________,hurdat_atl,AL302005,34.0,-36.7, ,HU,75.0,981,1.0,75,75,100,75,30,30,50,30, ,20,20, ,1010,225,20, , , , , , , , , , ,80, , , , , ,10,102,Dec,-0.84,-0.84,-0.84,19.361498
2006237N13298,2006,56,,CS,ERNESTO,2006-08-27 06:00:00,TS,16.9,-72.7,65,992,hurdat_atl,main,134,102,O_____________,hurdat_atl,AL062006,16.9,-72.7, ,HU,65.0,992,1.0,80,70,20,50,25,20,10,10,10, , , ,1010,180,10, , , , , , , , , , ,65, , , , , ,9,310,Aug,0.3,0.3,0.3,27.182034
2006247N14321,2006,60,,,FLORENCE,2006-09-10 18:00:00,TS,29.3,-66.1,80,976,hurdat_atl,main,1138,1094,O_____________,hurdat_atl,AL072006,29.3,-66.1, ,HU,80.0,976,1.0,225,155,90,225,80,40,30,80,50,25, ,30,1010,300,30, , , , , , , , , , ,100, , , , , ,12,354,Sep,0.54,0.54,0.54,21.675455
2006254N20306,2006,64,,,GORDON,2006-09-14 00:00:00,TS,27.3,-57.4,105,955,hurdat_atl,main,1301,1301,O_____________,hurdat_atl,AL082006,27.3,-57.4, ,HU,105.0,955,3.0,120,120,85,85,50,50,40,50,25,25,10,25,1019,240,20, , , , , , , , , , , , , , , , ,9,26,Sep,0.54,0.54,0.54,23.147629
2006256N12338,2006,65,,,HELENE,2006-09-18 06:00:00,TS,22.0,-49.4,105,955,hurdat_atl,main,1736,1728,O_____________,hurdat_atl,AL092006,22.0,-49.4, ,HU,105.0,955,3.0,175,150,100,125,90,65,45,60,45,40,30,35,1014,400,25, , , , , , , , , , ,130, , , , , ,7,339,Sep,0.54,0.54,0.54,24.241085
2006271N26307,2006,76,,,ISAAC,2006-10-01 00:00:00,TS,32.0,-59.8,75,987,hurdat_atl,main,1367,1319,O_____________,hurdat_atl,AL102006,32.0,-59.8, ,HU,75.0,987,1.0,110,110,60,80,50,40,40,40,25,25,10,25,1018,175,15, , , , , , , , , , ,85, , , , , ,9,329,Oct,0.77,0.77,0.77,20.894299
2007225N12331,2007,45,,CS,DEAN,2007-08-21 06:00:00,TS,18.6,-86.9,150,907,hurdat_atl,main,80,0,O_____________,hurdat_atl,AL042007,18.6,-86.9, ,HU,150.0,907,5.0,180,180,90,125,100,75,50,100,50,40,30,50,1010,250,10, , , , , , , , , , ,170, , , , , ,18,280,Aug,-0.81,-0.81,-0.81,27.507635
2007244N12303,2007,50,,CS,FELIX,2007-09-03 00:00:00,TS,13.8,-73.0,150,935,hurdat_atl,main,199,199,O_____________,hurdat_atl,AL062007,13.8,-73.0, ,HU,150.0,935,5.0,100,75,40,100,45,35,25,40,25,20,15,25,1012,150,10, , , , , , , , , , ,175, , , , , ,20,280,Sep,-1.07,-1.07,-1.07,27.075024
2007255N27265,2007,55,,GM,HUMBERTO,2007-09-13 06:00:00,TS,29.5,-94.4,80,985,hurdat_atl,main,11,9,O_____________,hurdat_atl,AL092007,29.5,-94.4, ,HU,80.0,985,1.0,50,50,25,25,30,30, , ,15, , , ,1012,90,15, , , , , , , , , , ,85, , , , , ,8,34,Sep,-1.07,-1.07,-1.07,20.380651
2007268N10324,2007,63,,,KAREN,2007-09-26 12:00:00,TS,11.7,-42.4,65,988,hurdat_atl,main,1283,1272,O_____________,hurdat_atl,AL122007,11.7,-42.4, ,HU,65.0,988,1.0,90,60,40,45,60,40,25,30,40,30, ,15,1012,175,30, , , , , , , , , , ,65, , , , , ,10,304,Sep,-1.07,-1.07,-1.07,25.730373
2007269N22265,2007,64,,GM,LORENZO,2007-09-28 00:00:00,TS,20.5,-96.3,70,990,hurdat_atl,main,53,23,O_____________,hurdat_atl,AL132007,20.5,-96.3, ,HU,70.0,990,1.0,40,40,60,40,15,30,30,15,10,20,20,10,1010,100,20, , , , , , , , , , ,80, , , , , ,7,271,Sep,-1.07,-1.07,-1.07,25.740028
2007297N18300,2007,75,,,NOEL,2007-11-02 00:00:00,TS,26.4,-76.5,70,981,hurdat_atl,main,208,208,O_____________,hurdat_atl,AL162007,26.4,-76.5, ,HU,70.0,981,1.0,200,175,60,100,75,60, , ,40, , , ,1010,275,40, , , , , , , , , , ,80, , , , , ,13,24,Nov,-1.5,-1.5,-1.5,24.764662
2008185N13337,2008,35,,,BERTHA,2008-07-07 21:00:00,TS,20.3,-51.9,110,952,hurdat_atl,main,1450,1425,V_____________,hurdat_atl,AL022008,20.3,-51.9,I,HU,110.0,952,3.0,100,60,45,100,50,30,20,50,20, , ,20,1013,200,15, , , , , , , , , , , ,12,270,180,90,270,9,321,Jul,-0.37,-0.37,-0.37,24.899206
2008203N18276,2008,41,,GM,DOLLY,2008-07-23 12:00:00,TS,25.9,-96.7,85,967,hurdat_atl,main,41,29,O_____________,hurdat_atl,AL042008,25.9,-96.7, ,HU,85.0,967,2.0,120,120,100,100,50,50,50,40,20,20,20,20,1010,180,20, , , , , , , , , , ,100,12,270,150,75,120,5,318,Jul,-0.37,-0.37,-0.37,23.620203
2008238N13293,2008,57,,CS,GUSTAV,2008-08-30 22:00:00,TS,22.4,-83.1,135,941,hurdat_atl,main,10,0,V_____________,hurdat_atl,AL072008,22.4,-83.1,L,HU,135.0,941,4.0,155,120,95,125,100,90,50,65,60,45,20,30,850,266,15, , , , , , , , , , , ,12,140,200,200,180,14,313,Aug,-0.23,-0.23,-0.23,27.007063
2008241N19303,2008,58,,,HANNA,2008-09-02 00:00:00,TS,21.8,-72.3,75,977,hurdat_atl,main,98,68,O_____________,hurdat_atl,AL082008,21.8,-72.3,L,HU,75.0,977,1.0,150,150,100,100,90,90,60,60,40, , ,40,1008,225,50, , , , , , , , , , ,85,12,360,240,240,360,5,195,Sep,-0.24,-0.24,-0.24,26.132584
2008245N17323,2008,59,,,IKE,2008-09-04 06:00:00,TS,22.4,-55.0,125,935,hurdat_atl,main,1191,1136,O_____________,hurdat_atl,AL092008,22.4,-55.0, ,HU,125.0,935,4.0,115,100,90,120,75,50,40,60,30,25,20,25,1008,175,15, , , , , , , , , , ,155,12,360,180,75,300,15,294,Sep,-0.24,-0.24,-0.24,24.896935
2008269N21290,2008,69,,,KYLE,2008-09-28 12:00:00,TS,39.4,-68.2,75,989,hurdat_atl,main,297,254,O_____________,hurdat_atl,AL112008,39.4,-68.2, ,HU,75.0,989,1.0,180,140,110,110,105,90,60,60,60,60,40,40,1012,175,60, , , , , , , , , , ,85,12,300,300,180,240,24,28,Sep,-0.24,-0.24,-0.24,10.37442
2008287N15291,2008,79,,CS,OMAR,2008-10-16 06:00:00,TS,18.2,-63.9,115,958,hurdat_atl,main,179,179,O_____________,hurdat_atl,AL152008,18.2,-63.9, ,HU,115.0,958,4.0,120,120,75,45,60,75,40,40,25,30,25,15,1009,240,10, , , , , , , , , , ,135,12,120,120,100,90,21,45,Oct,-0.35,-0.35,-0.35,26.661036
2008311N14278,2008,88,,CS,PALOMA,2008-11-08 12:00:00,TS,19.8,-79.6,125,944,hurdat_atl,main,176,133,O_____________,hurdat_atl,AL172008,19.8,-79.6, ,HU,125.0,944,4.0,110,70,60,90,60,35,30,40,25,25,25,25,1011,200,10, , , , , , , , , , ,145,12,100,100,80,100,9,63,Nov,-0.55,-0.55,-0.55,27.234049
2009227N12328,2009,51,,,BILL,2009-08-19 06:00:00,TS,17.6,-54.2,115,954,hurdat_atl,main,1064,1039,O_____________,hurdat_atl,AL032009,17.6,-54.2, ,HU,115.0,954,4.0,150,150,100,150,75,75,60,75,40,35,30,35,1008,250,20, , , , , , , , , , ,140,12,330,270,210,280,15,298,Aug,0.58,0.58,0.58,25.530527
2009251N12336,2009,65,,,FRED,2009-09-09 12:00:00,TS,13.6,-32.1,105,958,hurdat_atl,main,1579,1579,O_____________,hurdat_atl,AL072009,13.6,-32.1, ,HU,105.0,958,3.0,105,105,45,60,45,45,25,30,25,25,15,25,1010,200,10, , , , , , , , , , ,130,12,200,90,90,180,9,310,Sep,0.71,0.71,0.71,24.56268
2009308N11279,2009,87,,GM,IDA,2009-11-09 00:00:00,TS,23.0,-86.5,90,979,hurdat_atl,main,175,175,O_____________,hurdat_atl,AL112009,23.0,-86.5, ,HU,90.0,979,2.0,150,100,45,90,60,30,30,30,30,15,15,15,1007,140,15, , , , , , , , , , ,110,12,180,120,60,180,14,334,Nov,1.36,1.36,1.36,26.790491
2010176N16278,2010,32,,GM,ALEX,2010-07-01 02:00:00,TS,24.2,-97.7,95,946,hurdat_atl,main,10,0,V_____________,hurdat_atl,AL012010,24.2,-97.7,L,HU,95.0,946,2.0,180,180,120,120,90,90,60,50,50,30,15,15,850,255,10, , , , , , , , , , , , , , , , ,11,257,Jul,-1.05,-1.05,-1.05,
2010234N11329,2010,45,,,DANIELLE,2010-08-27 18:00:00,TS,27.1,-60.1,115,942,hurdat_atl,main,1123,1123,O_____________,hurdat_atl,AL062010,27.1,-60.1, ,HU,115.0,942,4.0,180,150,130,150,90,75,75,90,50,50,35,50,1014,275,10,20, , , , , , , , , ,140,12,330,270,250,250,8,320,Aug,-1.35,-1.35,-1.35,23.21511
2010236N12341,2010,47,,,EARL,2010-09-02 06:00:00,TS,28.6,-74.3,125,927,hurdat_atl,main,535,535,O_____________,hurdat_atl,AL072010,28.6,-74.3, ,HU,125.0,927,4.0,200,180,120,180,120,120,80,100,80,70,40,60,1008,200,15, , , , , , , , , , ,145, , , , , ,16,338,Sep,-1.56,-1.56,-1.56,23.326134
2010251N14337,2010,57,,,IGOR,2010-09-15 00:00:00,TS,18.9,-53.5,135,924,hurdat_atl,main,1221,1208,O_____________,hurdat_atl,AL112010,18.9,-53.5, ,HU,135.0,924,4.0,210,150,130,160,100,70,60,90,45,30,30,45,1010,325,25, , , , , , , , , , ,165,12,420,360,300,360,7,295,Sep,-1.56,-1.56,-1.56,25.530527
2010255N13340,2010,58,,,JULIA,2010-09-15 12:00:00,TS,17.7,-32.2,120,948,hurdat_atl,main,1605,1605,O_____________,hurdat_atl,AL122010,17.7,-32.2, ,HU,120.0,948,4.0,105,75,75,90,40,30,30,30,30,20,20,20,1011,250,20, , , , , , , , , , ,140,12,300,120,120,200,12,323,Sep,-1.56,-1.56,-1.56,23.9072
2010257N16282,2010,60,,GM,KARL,2010-09-17 12:00:00,TS,19.6,-95.6,110,956,hurdat_atl,main,68,24,O_____________,hurdat_atl,AL132010,19.6,-95.6, ,HU,110.0,956,3.0,80,70,70,80,40,30,30,40,20,15,15,20,1007,150,5, , , , , , , , , , ,130,12,120,30,30,120,8,248,Sep,-1.56,-1.56,-1.56,25.740028
2010263N15328,2010,62,,,LISA,2010-09-25 00:00:00,TS,20.4,-27.8,75,982,hurdat_atl,main,1114,1112,O_____________,hurdat_atl,AL142010,20.4,-27.8, ,HU,75.0,982,1.0,50,40,30,40,20,15,10,20,10,10, ,10,1009,150,10, , , , , , , , , , ,85,12,40,40,40,40,9,348,Sep,-1.56,-1.56,-1.56,23.144072
2010279N22293,2010,67,,,OTTO,2010-10-09 00:00:00,TS,27.2,-61.7,75,976,hurdat_atl,main,1061,1061,O_____________,hurdat_atl,AL172010,27.2,-61.7, ,HU,75.0,976,1.0,110,190,60,70,40,60,40, ,20,25,15, ,1007,280,15, , , , , , , , , , ,90,12,300,240,360,120,19,54,Oct,-1.64,-1.64,-1.64,23.135303
2010284N14278,2010,69,,CS,PAULA,2010-10-12 18:00:00,TS,18.8,-85.9,90,981,hurdat_atl,main,174,150,O_____________,hurdat_atl,AL182010,18.8,-85.9, ,HU,90.0,981,2.0,50,50,45,45,25,25,20,20,20,15,15,15,1010,120,10, , , , , , , , , , ,105,12,75,45,45,75,8,347,Oct,-1.64,-1.64,-1.64,27.507635
2010293N17277,2010,75,,CS,RICHARD,2010-10-25 00:00:00,TS,17.2,-88.2,85,977,hurdat_atl,main,10,0,O_____________,hurdat_atl,AL192010,17.2,-88.2, ,HU,85.0,977,2.0,90,60,50,60,30,20,20,30,15,10,10,15,1010,130,15, , , , , , , , , , ,100,12,150, , ,30,10,277,Oct,-1.64,-1.64,-1.64,27.276806
2010302N09306,2010,77,,CS,TOMAS,2010-10-30 20:00:00,TS,13.4,-61.2,85,987,hurdat_atl,main,302,302,V_____________,hurdat_atl,AL212010,13.4,-61.2,L,HU,85.0,987,2.0,120,60,50,90,50,30,20,40,20,20, , ,1009,216,20, , , , , , , , , , , ,12,200,90,50,120,7,293,Oct,-1.64,-1.64,-1.64,27.151123
2010302N26299,2010,78,,,SHARY,2010-10-30 00:00:00,TS,31.3,-64.0,65,990,hurdat_atl,main,1174,1174,O_____________,hurdat_atl,AL202010,31.3,-64.0, ,HU,65.0,990,1.0,60,90,60,40, ,40,30, , ,10, , ,1012,250,15, , , , , , , , , , , , , , , , ,25,59,Oct,-1.64,-1.64,-1.64,20.690268
2011233N15301,2011,54,,,IRENE,2011-08-24 12:00:00,TS,21.9,-73.3,105,957,hurdat_atl,main,78,78,O_____________,hurdat_atl,AL092011,21.9,-73.3, ,HU,105.0,957,3.0,180,150,90,150,90,60,45,80,45,40,25,40,1008,275,15, , , , , , , , , , ,120,12,240,120,90,210,11,308,Aug,-0.62,-0.62,-0.62,26.184515
2011240N10341,2011,58,,,KATIA,2011-09-06 00:00:00,TS,25.6,-64.0,120,942,hurdat_atl,main,821,821,O_____________,hurdat_atl,AL122011,25.6,-64.0, ,HU,120.0,942,4.0,180,120,110,140,80,70,60,70,50,50,40,50,1013,250,30, , , , , , , , , , ,140,12,360,200,200,220,10,319,Sep,-0.83,-0.83,-0.83,24.23264
2011250N12324,2011,64,,,MARIA,2011-09-16 00:00:00,TS,36.8,-64.8,70,984,hurdat_atl,main,704,606,O_____________,hurdat_atl,AL142011,36.8,-64.8, ,HU,70.0,984,1.0,180,180,60,60,100,100,30,30,40,40, , ,1014,210,25, , , , , , , , , , ,85,12,180,300,330,60,36,32,Sep,-0.83,-0.83,-0.83,20.815498
2011250N20266,2011,65,,GM,NATE,2011-09-08 18:00:00,TS,19.7,-92.3,65,995,hurdat_atl,main,122,115,O_____________,hurdat_atl,AL152011,19.7,-92.3, ,HU,65.0,995,1.0,75,90,120,75, ,50,90, , ,40, , ,1012,150,25, , , , , , , , , , ,75,12,60,60,60,90,2,139,Sep,-0.83,-0.83,-0.83,26.072292
2011263N12323,2011,68,,,OPHELIA,2011-10-02 00:00:00,TS,32.8,-62.5,120,940,hurdat_atl,main,1190,1107,O_____________,hurdat_atl,AL162011,32.8,-62.5, ,HU,120.0,940,4.0,180,180,80,90,60,60,40,40,30,30,20,20,1009,180,15, , , , , , , , , , ,140,12,270,240,90,180,22,9,Oct,-1.01,-1.01,-1.01,20.803308
2011266N08343,2011,71,,,PHILIPPE,2011-10-06 18:00:00,TS,28.2,-59.7,80,977,hurdat_atl,main,1249,1249,O_____________,hurdat_atl,AL172011,28.2,-59.7, ,HU,80.0,977,1.0,60,75,60,60,45,45,30,30,20,20,15,10,1011,175,10, , , , , , , , , , ,90,12,120,90,30,120,10,47,Oct,-1.01,-1.01,-1.01,23.21511
2011295N13279,2011,80,,CS,RINA,2011-10-25 18:00:00,TS,17.3,-84.2,100,971,hurdat_atl,main,165,159,O_____________,hurdat_atl,AL182011,17.3,-84.2, ,HU,100.0,971,3.0,75,75,75,100,35,35,35,35,20,20,20,20,1012,150,10, , , , , , , , , , ,110,12,75,75,75,120,4,277,Oct,-1.01,-1.01,-1.01,27.516636
2012169N29291,2012,30,,,CHRIS,2012-06-21 12:00:00,TS,40.5,-43.9,75,974,hurdat_atl,main,1007,992,O_____________,hurdat_atl,AL032012,40.5,-43.9, ,HU,75.0,974,1.0,70,80,60,50,40,40,30,25,20,20,10,10,1010,180,20, , , , , , , , , , ,80,12,90,150,300,60,16,40,Jun,-0.01,-0.01,-0.01,19.169043
2012215N12313,2012,41,,CS,ERNESTO,2012-08-08 03:15:00,TS,18.8,-87.7,85,973,hurdat_atl,main,0,0,V_____________,hurdat_atl,AL052012,18.8,-87.7,L,HU,85.0,973,2.0,140,140,40,70,60,40,20,30,30,20, ,10,1010,170,10, , , , , , , , , , , ,12,152, , , ,13,271,Aug,0.37,0.37,0.37,27.276806
2012229N28305,2012,49,,,GORDON,2012-08-19 00:00:00,TS,34.3,-35.0,95,965,hurdat_atl,main,1848,1750,O_____________,hurdat_atl,AL082012,34.3,-35.0, ,HU,95.0,965,2.0,80,110,110,80,40,60,60,40,20,30,30,20,1013,175,25, , , , , , , , , , ,115,12,120,210,240,150,21,80,Aug,0.37,0.37,0.37,19.361498
2012234N16315,2012,52,,GM,ISAAC,2012-08-28 18:00:00,TS,28.6,-88.8,70,972,hurdat_atl,main,53,22,O_____________,hurdat_atl,AL092012,28.6,-88.8, ,HU,70.0,972,1.0,180,150,140,150,90,90,60,60,60,60, , ,1012,300,50, , , , , , , , , , ,80,12,180,200,150,130,7,314,Aug,0.37,0.37,0.37,22.774446
2012242N13333,2012,55,,,LESLIE,2012-09-05 12:00:00,TS,25.6,-62.8,70,982,hurdat_atl,main,855,855,O_____________,hurdat_atl,AL122012,25.6,-62.8, ,HU,70.0,982,1.0,140,200,60,140,70,60,20,40,20,20, , ,1013,250,40, , , , , , , , , , ,75,12,360,210,120,360,2,13,Sep,0.37,0.37,0.37,24.250011
2012242N24317,2012,56,,,KIRK,2012-08-31 06:00:00,TS,29.6,-50.7,90,970,hurdat_atl,main,1905,1848,O_____________,hurdat_atl,AL112012,29.6,-50.7, ,HU,90.0,970,2.0,60,40,30,50,30,20,20,30,15,10,10,15,1017,130,10, , , , , , , , , , ,110,12,120,90, ,60,11,350,Aug,0.37,0.37,0.37,22.349787
2012246N29323,2012,57,,,MICHAEL,2012-09-06 12:00:00,TS,29.9,-41.4,100,964,hurdat_atl,main,2119,2107,O_____________,hurdat_atl,AL132012,29.9,-41.4, ,HU,100.0,964,3.0,60,60,30,40,30,30,20,20,15,15,10,10,1015,150,10, , , , , , , , , , ,120,12,150,120,100,100,6,44,Sep,0.37,0.37,0.37,21.739012
2012255N16322,2012,60,,,NADINE,2012-09-30 12:00:00,TS,36.8,-38.3,80,978,hurdat_atl,main,1640,1598,O_____________,hurdat_atl,AL142012,36.8,-38.3, ,HU,80.0,978,1.0,100,70,60,80,40,30,30,40,25,20,10,20,1018,180,25, , , , , , , , , , ,100,12,180,210,120,120,8,320,Sep,0.37,0.37,0.37,18.71694
2012287N15297,2012,75,,,RAFAEL,2012-10-16 00:00:00,TS,24.6,-65.6,80,974,hurdat_atl,main,693,693,O_____________,hurdat_atl,AL172012,24.6,-65.6, ,HU,80.0,974,1.0,180,180,80,120,90,50,20,50,40,20, ,30,1006,275,20, , , , , , , , , , ,90,12,330,210,240,390,12,12,Oct,0.27,0.27,0.27,25.232561
2012296N14283,2012,79,,CS,SANDY,2012-10-25 05:25:00,TS,20.0,-76.0,100,954,hurdat_atl,main,0,0,V_____________,hurdat_atl,AL182012,20.0,-76.0,L,HU,100.0,954,3.0,240,240,70,120,50,60,40,40,30,30,25,25,1005,300,10, , , , , , , , , , , ,12,125,294, ,117,12,12,Oct,0.27,0.27,0.27,27.044992
2013149N14264,2013,22,EP,MM,BARBARA,2013-05-29 19:50:00,TS,16.0,-94.0,70,983,hurdat_epa,main,0,0,V_____________,hurdat_epa,EP022013,16.0,-94.0,L,HU,70.0,983,1.0,60,60,50,50,30,30,20,20,20,20, , ,1006,60,20, , , , , , , , , , , , , , , , ,11,28,May,-0.36,-0.36,-0.36,27.568184
2013251N13342,2013,61,,,HUMBERTO,2013-09-11 18:00:00,TS,17.4,-28.9,80,979,hurdat_atl,main,1255,1255,O_____________,hurdat_atl,AL092013,17.4,-28.9, ,HU,80.0,979,1.0,120,100,60,90,60,40,30,40,30,20, ,20,1012,400,15, , , , , , , , , , ,90,12,150,120,90,150,12,0,Sep,-0.26,-0.26,-0.26,23.407135
2013255N19268,2013,62,,GM,INGRID,2013-09-15 00:00:00,TS,21.6,-94.7,75,983,hurdat_atl,main,258,248,O_____________,hurdat_atl,AL102013,21.6,-94.7, ,HU,75.0,983,1.0,70,90,40,50,50,30,20,30,30, , ,20,1005,190,15, , , , , , , , , , ,85,12,150,90,60,120,6,320,Sep,-0.26,-0.26,-0.26,25.63347
2014180N32282,2014,38,,,ARTHUR,2014-07-04 00:00:00,TS,34.0,-77.3,85,975,hurdat_atl,main,49,11,O_____________,hurdat_atl,AL012014,34.0,-77.3, ,HU,85.0,975,2.0,110,130,80,60,50,80,50,30,30,35,30,20,1013,160,20, , , , , , , , , , ,105,12,140,160,130,50,16,40,Jul,0.05,0.05,0.05,21.631266
2014210N10323,2014,51,,,BERTHA,2014-08-04 12:00:00,TS,26.8,-73.6,70,998,hurdat_atl,main,478,478,O_____________,hurdat_atl,AL032014,26.8,-73.6, ,HU,70.0,998,1.0,140,100,30,40,40,40, , ,20,20, , ,1014,140,15, , , , , , , , , , ,75,12,150,120,30,120,15,359,Aug,0.07,0.07,0.07,24.471052
2014236N22288,2014,59,,,CRISTOBAL,2014-08-28 18:00:00,TS,37.5,-63.6,75,971,hurdat_atl,main,682,668,O_____________,hurdat_atl,AL042014,37.5,-63.6, ,HU,75.0,971,1.0,180,220,110,60,90,100,40,30,30,50,20,20,1004,150,30, , , , , , , , , , ,85,12,240,300,300,220,36,68,Aug,0.07,0.07,0.07,19.511806
2014254N14327,2014,67,,,EDOUARD,2014-09-16 12:00:00,TS,30.6,-57.8,105,955,hurdat_atl,main,1573,1529,O_____________,hurdat_atl,AL062014,30.6,-57.8, ,HU,105.0,955,3.0,150,130,130,150,80,80,70,80,40,50,40,40,1014,220,15, , , , , , , , , , ,120, , , , , ,11,349,Sep,0.23,0.23,0.23,22.057768
2014283N22299,2014,76,,,FAY,2014-10-12 08:10:00,TS,32.3,-64.7,70,984,hurdat_atl,main,1066,1061,V_____________,hurdat_atl,AL072014,32.3,-64.7,L,HU,70.0,984,1.0,150,150,120,120,50,60,60,60, ,20,20, ,1011,240,50, , , , , , , , , , , ,12,300,227,150,141,17,19,Oct,0.49,0.49,0.49,20.690268
2014285N16305,2014,78,,,GONZALO,2014-10-16 12:00:00,TS,25.6,-68.7,125,940,hurdat_atl,main,658,658,O_____________,hurdat_atl,AL082014,25.6,-68.7, ,HU,125.0,940,4.0,130,130,90,110,70,70,50,50,40,40,25,35,1012,180,10, , , , , , , , , , ,150,12,300,180,180,210,8,13,Oct,0.49,0.49,0.49,24.329573
2015229N10331,2015,64,,,DANNY,2015-08-21 12:00:00,TS,13.8,-47.8,110,960,hurdat_atl,main,1097,1092,O_____________,hurdat_atl,AL042015,13.8,-47.8, ,HU,110.0,960,3.0,50,30,30,50,30,20,20,30,15,10,10,15,1011,150,5, , , , , , , , , , ,105,12,60,60,45,60,9,298,Aug,1.86,1.86,1.86,25.985401
2015242N12343,2015,69,,,FRED,2015-08-31 12:00:00,TS,16.1,-23.3,75,986,hurdat_atl,main,641,641,O_____________,hurdat_atl,AL062015,16.1,-23.3, ,HU,75.0,986,1.0,70,70,50,60,40,40,20,30,15,10,10,15,1012,190,10, , , , , , , , , , ,85,12,100,90,30,60,11,315,Aug,1.86,1.86,1.86,23.31615
2015270N27291,2015,85,,,JOAQUIN,2015-10-03 12:00:00,TS,25.4,-72.6,135,934,hurdat_atl,main,471,471,O_____________,hurdat_atl,AL112015,25.4,-72.6, ,HU,135.0,934,4.0,150,180,130,110,80,90,60,60,45,55,40,40,1004,430,15,20, , , , , , , , , ,145,12,585,240,180,525,14,58,Oct,2.42,2.42,2.42,24.42981
2015313N22289,2015,101,,,KATE,2015-11-11 12:00:00,TS,36.2,-62.5,75,980,hurdat_atl,main,846,842,O_____________,hurdat_atl,AL122015,36.2,-62.5, ,HU,75.0,980,1.0,120,180,180,50,60,90,60, , ,30, , ,1008,120,30, , , , , , , , , , ,80,12,30,150,180,30,41,74,Nov,2.57,2.57,2.57,20.808365
2016007N27285,2016,2,,,ALEX,2016-01-14 12:00:00,TS,30.8,-28.7,75,981,hurdat_atl,main,1182,1165,O_____________,hurdat_atl,AL012016,30.8,-28.7, ,HU,75.0,981,1.0,120,130,100,50,30,40,30,20,20,20, , ,1012,300,15, , , , , , , , , , ,90,12,300,300,150,240,18,24,Jan,2.48,2.48,2.48,19.807379
2016215N16283,2016,38,,CS,EARL,2016-08-04 04:00:00,TS,17.4,-87.8,75,979,hurdat_atl,main,43,0,V_____________,hurdat_atl,AL052016,17.4,-87.8,L,HU,75.0,979,1.0,120,80,30,80,50,30, ,30,15, , ,15,1008,120,15, , , , , , , , , , , ,12,189,90,79,129,14,271,Aug,-0.54,-0.54,-0.54,27.276806
2016235N11341,2016,52,,,GASTON,2016-08-29 00:00:00,TS,30.6,-55.2,105,955,hurdat_atl,main,1689,1684,O_____________,hurdat_atl,AL072016,30.6,-55.2, ,HU,105.0,955,3.0,120,120,80,80,60,40,40,40,30,20,20,20,1016,180,20, , , , , , , , , , ,130,12,210,150,120,180,2,307,Aug,-0.54,-0.54,-0.54,22.094341
2016242N24279,2016,57,,GM,HERMINE,2016-09-02 00:00:00,TS,29.0,-84.8,70,983,hurdat_atl,main,78,48,O_____________,hurdat_atl,AL092016,29.0,-84.8, ,HU,70.0,983,1.0,130,150,60,60,70,110,40,30,40,40,30, ,1009,240,25, , , , , , , , , , ,85,12,120,150,90,60,12,31,Sep,-0.63,-0.63,-0.63,22.030354
2016273N13300,2016,75,,CS,MATTHEW,2016-10-01 00:00:00,TS,13.4,-71.9,145,942,hurdat_atl,main,114,114,O_____________,hurdat_atl,AL142016,13.4,-71.9, ,HU,145.0,942,5.0,170,90,60,170,80,30,30,70,30,20,15,40,1008,160,5,15, , , , , , , , , ,170,12,240,150,270,300,6,267,Oct,-0.69,-0.69,-0.69,27.068117
2016278N23300,2016,78,,,NICOLE,2016-10-13 06:00:00,TS,30.6,-66.2,120,950,hurdat_atl,main,1039,1032,O_____________,hurdat_atl,AL152016,30.6,-66.2, ,HU,120.0,950,4.0,150,150,90,150,90,90,50,90,70,60,45,70,1010,240,15, , , , , , , , , , ,140,12,420,210,390,480,11,27,Oct,-0.69,-0.69,-0.69,21.675455
2016323N13279,2016,89,,CS,OTTO,2016-11-24 12:00:00,TS,11.0,-83.0,100,975,hurdat_atl,main,69,31,O_____________,hurdat_atl,AL162016,11.0,-83.0, ,HU,100.0,975,3.0,50,50,50,50,30,30,30,30,15,15,15,15,1008,120,10, , , , , , , , , , ,115,12,45,45,45,45,7,266,Nov,-0.67,-0.67,-0.67,27.680773
2017219N16279,2017,57,,GM,FRANKLIN,2017-08-10 00:00:00,TS,20.3,-95.5,75,981,hurdat_atl,main,104,38,O_____________,hurdat_atl,AL072017,20.3,-95.5, ,HU,75.0,981,1.0,130,90,60,130,50,50,30,40,30,25, , ,1008,150,25, , , , , , , , , , ,90,12,150,90,90,150,12,261,Aug,-0.11,-0.11,-0.11,25.740028
2017224N22293,2017,60,,,GERT,2017-08-16 18:00:00,TS,38.2,-64.1,95,962,hurdat_atl,main,598,576,O_____________,hurdat_atl,AL082017,38.2,-64.1, ,HU,95.0,962,2.0,140,140,80,50,50,60,40,20,30,30,20,10,1010,160,5, , , , , , , , , , ,105,12,120,210,180,120,29,64,Aug,-0.11,-0.11,-0.11,19.511806
2017228N14314,2017,61,,GM,HARVEY,2017-08-26 00:00:00,TS,27.8,-96.8,115,941,hurdat_atl,main,34,11,O_____________,hurdat_atl,AL092017,27.8,-96.8, ,HU,115.0,941,4.0,120,90,80,70,60,40,40,40,35,25,20,25,1009,180,15, , , , , , , , , , ,140,12,210,180,90,60,6,331,Aug,-0.11,-0.11,-0.11,22.199953
2017242N16333,2017,67,,,IRMA,2017-09-05 18:00:00,TS,16.9,-59.2,155,926,hurdat_atl,main,694,616,O_____________,hurdat_atl,AL112017,16.9,-59.2, ,HU,155.0,926,5.0,150,110,90,140,80,60,40,70,45,40,30,45,1010,300,15, , , , , , , , , , ,195,12,300,135,120,300,14,283,Sep,-0.38,-0.38,-0.38,26.707714
2017247N09327,2017,70,,,JOSE,2017-09-08 18:00:00,TS,16.4,-57.8,135,939,hurdat_atl,main,725,707,O_____________,hurdat_atl,AL122017,16.4,-57.8, ,HU,135.0,939,4.0,120,90,50,110,60,50,30,50,30,30,20,30,1012,150,15, , , , , , , , , , ,160, , , , , ,12,284,Sep,-0.38,-0.38,-0.38,26.43869
2017249N22263,2017,72,,GM,KATIA,2017-09-08 18:00:00,TS,21.1,-96.2,90,972,hurdat_atl,main,106,76,O_____________,hurdat_atl,AL132017,21.1,-96.2, ,HU,90.0,972,2.0,50,60,60,50,20,40,30,20,15,20,15,15,1011,120,10, , , , , , , , , , ,110,12,75,75,60,75,6,259,Sep,-0.38,-0.38,-0.38,25.453638
2017258N10337,2017,78,,,LEE,2017-09-27 12:00:00,TS,30.3,-56.6,100,963,hurdat_atl,main,1610,1604,O_____________,hurdat_atl,AL142017,30.3,-56.6, ,HU,100.0,963,3.0,80,60,60,70,50,40,40,50,30,25,25,30,1016,150,15, , , , , , , , , , ,120,12,120,90,90,120,5,309,Sep,-0.38,-0.38,-0.38,22.094341
2017260N12310,2017,79,,CS,MARIA,2017-09-20 00:00:00,TS,17.0,-64.3,150,909,hurdat_atl,main,192,138,O_____________,hurdat_atl,AL152017,17.0,-64.3, ,HU,150.0,909,5.0,130,110,100,110,80,70,60,80,50,45,35,40,1010,180,5, , , , , , , , , , ,185,12,180,120,120,90,9,304,Sep,-0.38,-0.38,-0.38,27.057499
2017277N11279,2017,82,,GM,NATE,2017-10-07 12:00:00,TS,25.7,-87.9,80,986,hurdat_atl,main,387,274,O_____________,hurdat_atl,AL162017,25.7,-87.9, ,HU,80.0,986,1.0,110,90,50,40,60,50, , ,30,30, , ,1008,300,30, , , , , , , , , , ,90, , , , , ,24,330,Oct,-0.65,-0.65,-0.65,24.800041
2017280N32321,2017,84,,,OPHELIA,2017-10-14 12:00:00,TS,34.2,-27.7,100,959,hurdat_atl,main,1224,1169,O_____________,hurdat_atl,AL172017,34.2,-27.7, ,HU,100.0,959,3.0,90,100,100,80,50,50,50,30,20,30,30,15,1012,280,10, , , , , , , , , , ,120,12,180,200,210,400,21,63,Oct,-0.65,-0.65,-0.65,18.255503
2018186N10325,2018,40,,,BERYL,2018-07-06 06:00:00,TS,10.5,-44.6,70,991,hurdat_atl,main,1014,967,O_____________,hurdat_atl,AL022018,10.5,-44.6, ,HU,70.0,991,1.0,30,20,20,30,20,10,10,20,10, , ,10,1012,90,5,5, , , , , , , , , ,80,12,45, , ,15,13,280,Jul,0.09,0.09,0.09,26.116657
2018186N31292,2018,41,,,CHRIS,2018-07-11 00:00:00,TS,33.9,-71.9,90,969,hurdat_atl,main,390,390,O_____________,hurdat_atl,AL032018,33.9,-71.9, ,HU,90.0,969,2.0,80,80,60,60,50,50,30,30,20,20,15,15,1015,180,10, , , , , , , , , , ,105,12,100,130,100,70,10,56,Jul,0.09,0.09,0.09,21.323423
2018242N13343,2018,71,,,FLORENCE,2018-09-11 18:00:00,TS,27.2,-66.4,130,937,hurdat_atl,main,925,916,O_____________,hurdat_atl,AL062018,27.2,-66.4, ,HU,130.0,937,4.0,150,130,100,140,80,60,50,70,50,40,40,45,1010,200,10, , , , , , , , , , ,145,12,300,210,180,210,17,295,Sep,0.49,0.49,0.49,23.01582
2018251N13325,2018,76,,,ISAAC,2018-09-10 00:00:00,TS,14.5,-41.0,65,995,hurdat_atl,main,1606,1560,O_____________,hurdat_atl,AL092018,14.5,-41.0, ,HU,65.0,995,1.0,40,20,20,40,20,10,10,20,10, , ,10,1010,150,10, , , , , , , , , , ,80,12,90,60,60,60,12,273,Sep,0.49,0.49,0.49,25.473099
2018251N13343,2018,77,,,HELENE,2018-09-11 00:00:00,TS,15.3,-32.1,95,969,hurdat_atl,main,1569,1569,O_____________,hurdat_atl,AL082018,15.3,-32.1, ,HU,95.0,969,2.0,100,70,40,80,50,40,20,50,30,20,10,30,1009,180,15, , , , , , , , , , ,110,12,210,180,150,210,13,291,Sep,0.49,0.49,0.49,24.199596
2018265N35315,2018,87,,,LESLIE,2018-10-12 00:00:00,TS,30.4,-35.2,80,968,hurdat_atl,main,1794,1683,O_____________,hurdat_atl,AL132018,30.4,-35.2, ,HU,80.0,968,1.0,140,180,160,180,50,100,100,50, ,65,65, ,1007,210,40, , , , , , , , , , ,100,12,270,270,330,300,24,66,Oct,0.76,0.76,0.76,20.891844
2018280N18273,2018,95,,GM,MICHAEL,2018-10-10 17:30:00,TS,30.0,-85.5,140,919,hurdat_atl,main,0,0,V_____________,hurdat_atl,AL142018,30.0,-85.5,L,HU,140.0,919,5.0,90,140,100,80,60,80,50,50,35,35,25,25,1007,210,10, , , , , , , , , , , ,12,124,235,210,127,19,29,Oct,0.76,0.76,0.76,20.519907
2018300N25315,2018,102,,,OSCAR,2018-10-30 00:00:00,TS,27.0,-58.5,95,966,hurdat_atl,main,1205,1205,O_____________,hurdat_atl,AL162018,27.0,-58.5, ,HU,95.0,966,2.0,60,40,40,50,30,20,20,30,15,10,10,15,1012,250,10, , , , , , , , , , ,110,12,600,90,120,300,9,4,Oct,0.76,0.76,0.76,24.039808
2019192N29274,2019,33,,GM,BARRY,2019-07-13 12:00:00,TS,29.3,-91.9,65,993,hurdat_atl,main,36,0,O_____________,hurdat_atl,AL022019,29.3,-91.9, ,HU,65.0,993,1.0,90,150,130,70,60,90, , ,40,40, , ,1007,180,40, , , , , , , , , , ,80, , , , , ,7,319,Jul,0.28,0.28,0.28,20.172846
2019236N10314,2019,52,,,DORIAN,2019-09-01 16:40:00,TS,26.5,-77.0,160,910,hurdat_atl,main,185,180,V_____________,hurdat_atl,AL052019,26.5,-77.0,L,HU,160.0,910,5.0,110,110,70,90,60,50,50,50,35,30,25,25,1011,140,5, , , , , , , , , , , ,12,150,120,96,180,4,269,Sep,0.19,0.19,0.19,25.165983
2019256N23286,2019,65,,,HUMBERTO,2019-09-18 18:00:00,TS,32.5,-67.2,110,950,hurdat_atl,main,845,845,O_____________,hurdat_atl,AL092019,32.5,-67.2, ,HU,110.0,950,3.0,150,170,150,140,100,100,90,90,60,70,70,60,1008,240,20, , , , , , , , , , ,130,12,220,300,360,360,17,71,Sep,0.19,0.19,0.19,20.635746
2019260N13317,2019,68,,,JERRY,2019-09-20 00:00:00,TS,17.7,-56.6,90,976,hurdat_atl,main,915,878,O_____________,hurdat_atl,AL102019,17.7,-56.6, ,HU,90.0,976,2.0,70,40,30,40,40,20,20,20,20,10,10,15,1010,100,10, , , , , , , , , , ,105,12,120,90,60,90,14,288,Sep,0.19,0.19,0.19,25.751614
2019266N11341,2019,73,,,LORENZO,2019-09-29 03:00:00,TS,24.3,-45.0,140,925,hurdat_atl,main,2229,2229,V_____________,hurdat_atl,AL132019,24.3,-45.0,I,HU,140.0,925,5.0,240,200,110,180,90,90,80,80,45,45,35,45,1011,240,20, , , , , , , , , , , ,12,405,315,375,375,9,0,Sep,0.19,0.19,0.19,23.390522
2019297N40322,2019,88,,,PABLO,2019-10-27 18:00:00,TS,44.1,-17.3,70,977,hurdat_atl,main,653,643,O_____________,hurdat_atl,AL182019,44.1,-17.3, ,HU,70.0,977,1.0,40,70,40,20,10,20,10, , ,10, , ,1008,300,10, , , , , , , , , , ,85,12,180,360,360,120,20,20,Oct,0.35,0.35,0.35,12.901005
2020205N26272,2020,45,,GM,HANNA,2020-07-25 18:00:00,TS,26.9,-96.8,80,973,hurdat_atl,main,68,39,O_____________,hurdat_atl,AL082020,26.9,-96.8, ,HU,80.0,973,1.0,100,100,50,80,50,40,30,50,25,20,20,25,1008,140,20, , , , , , , , , , ,90,12,120,45,30,90,7,257,Jul,-0.41,-0.41,-0.41,23.620203
2020211N13306,2020,46,,,ISAIAS,2020-08-04 00:00:00,TS,32.8,-79.1,80,986,hurdat_atl,main,35,11,O_____________,hurdat_atl,AL092020,32.8,-79.1, ,HU,80.0,986,1.0,110,110,40,60,50,50,30,30,20,20,20, ,1012,160,20, , , , , , , , , , ,90,12,120,180,90,60,21,22,Aug,-0.57,-0.57,-0.57,22.75975
2020233N14313,2020,60,,GM,LAURA,2020-08-27 00:00:00,TS,28.5,-93.0,130,937,hurdat_atl,main,128,72,O_____________,hurdat_atl,AL132020,28.5,-93.0, ,HU,130.0,937,4.0,160,150,80,100,90,90,50,60,50,50,30,40,1006,140,15, , , , , , , , , , ,160,12,240,180,150,120,13,345,Aug,-0.57,-0.57,-0.57,21.930626
2020234N14280,2020,61,,GM,MARCO,2020-08-23 12:00:00,TS,24.3,-87.2,65,991,hurdat_atl,main,313,313,O_____________,hurdat_atl,AL142020,24.3,-87.2, ,HU,65.0,991,1.0,70,60,20,40,30,30, ,20,15,15, , ,1009,120,10, , , , , , , , , , ,75, , , , , ,11,343,Aug,-0.57,-0.57,-0.57,25.6847
2020245N16285,2020,68,,CS,NANA,2020-09-03 03:00:00,TS,16.9,-87.5,65,994,hurdat_atl,main,75,0,V_____________,hurdat_atl,AL162020,16.9,-87.5,I,HU,65.0,994,1.0,60,40,20,60,20,20, ,20,10, , ,10,1007,80,10, , , , , , , , , , , ,12,90,30, ,60,15,262,Sep,-0.89,-0.89,-0.89,
2020251N17319,2020,71,,,PAULETTE,2020-09-14 18:00:00,TS,33.9,-64.4,90,965,hurdat_atl,main,997,961,O_____________,hurdat_atl,AL172020,33.9,-64.4, ,HU,90.0,965,2.0,150,140,80,150,80,80,60,70,50,30, ,40,1012,220,20, , , , , , , , , , ,110,12,360,300,300,300,13,34,Sep,-0.89,-0.89,-0.89,20.457903
2020256N11329,2020,73,,,TEDDY,2020-09-18 00:00:00,TS,20.4,-54.4,120,945,hurdat_atl,main,1195,1170,O_____________,hurdat_atl,AL202020,20.4,-54.4, ,HU,120.0,945,4.0,200,150,90,180,90,60,50,80,40,40,35,50,1010,200,20, , , , , , , , , , ,145,12,330,330,300,360,10,318,Sep,-0.89,-0.89,-0.89,25.110138
2020256N25281,2020,74,,GM,SALLY,2020-09-16 06:00:00,TS,29.9,-87.9,95,967,hurdat_atl,main,34,11,O_____________,hurdat_atl,AL192020,29.9,-87.9, ,HU,95.0,967,2.0,100,110,80,80,70,40,30,50,35,20,20,25,1010,140,20, , , , , , , , , , ,110,12,120,120,90,90,5,22,Sep,-0.89,-0.89,-0.89,20.670347
2020276N17277,2020,85,,CS,GAMMA,2020-10-03 16:45:00,TS,20.2,-87.4,65,978,hurdat_atl,main,10,0,V_____________,hurdat_atl,AL252020,20.2,-87.4,L,HU,65.0,978,1.0,120,70, ,40,25, , , ,15, , , ,1007,140,15, , , , , , , , , , , ,12,90, , ,18,9,334,Oct,-1.17,-1.17,-1.17,
2020279N16284,2020,88,,CS,DELTA,2020-10-06 18:00:00,TS,18.5,-83.3,120,953,hurdat_atl,main,320,302,O_____________,hurdat_atl,AL262020,18.5,-83.3, ,HU,120.0,953,4.0,90,80,60,80,40,30,30,30,25,20,15,20,1007,180,10, , , , , , , , , , ,145,12,120,45,30,90,14,301,Oct,-1.17,-1.17,-1.17,27.516636
2020291N32305,2020,95,,,EPSILON,2020-10-21 18:00:00,TS,29.3,-59.6,100,955,hurdat_atl,main,1361,1352,O_____________,hurdat_atl,AL272020,29.3,-59.6, ,HU,100.0,955,3.0,340,120,120,300,40,30,20,30,20,15,15,20,1012,300,5, , , , , , , , , , ,120,12,750,390,510,480,8,290,Oct,-1.17,-1.17,-1.17,22.02073
2020299N18277,2020,100,,GM,ZETA,2020-10-28 21:00:00,TS,29.2,-90.6,100,970,hurdat_atl,main,0,0,V_____________,hurdat_atl,AL282020,29.2,-90.6,L,HU,100.0,970,3.0,130,130,40,60,70,70,20,20,35,35, , ,1008,180,25, , , , , , , , , , , ,12,180,150,135,120,24,25,Oct,-1.17,-1.17,-1.17,20.442669
2020306N15288,2020,102,,CS,ETA,2020-11-03 00:00:00,TS,14.3,-82.5,130,929,hurdat_atl,main,75,55,O_____________,hurdat_atl,AL292020,14.3,-82.5, ,HU,130.0,929,4.0,110,60,40,100,30,30,30,30,20,20,15,20,1007,180,5, , , , , , , , , , ,160,12,120,60,40,80,6,230,Nov,-1.27,-1.27,-1.27,27.649582
2020318N16289,2020,108,,CS,IOTA,2020-11-16 12:00:00,TS,13.5,-81.5,135,917,hurdat_atl,main,204,166,O_____________,hurdat_atl,AL312020,13.5,-81.5, ,HU,135.0,917,4.0,200,130,100,180,80,60,50,80,40,30,25,40,1011,270,10, , , , , , , , , , ,170, , , , , ,8,273,Nov,-1.27,-1.27,-1.27,27.649582
2021182N09317,2021,45,,CS,ELSA,2021-07-02 18:00:00,TS,13.8,-62.4,75,991,hurdat_atl,main,347,347,O_____________,hurdat_atl,AL052021,13.8,-62.4, ,HU,75.0,991,1.0,120,100,30,110,40, , ,30,20, , ,20,1012,140,15, , , , , , , , , , , , , , , , ,27,288,Jul,-0.4,-0.4,-0.4,27.151123
2021225N15313,2021,64,,GM,GRACE,2021-08-21 00:00:00,TS,20.7,-95.8,105,967,hurdat_atl,main,107,45,O_____________,hurdat_atl,AL072021,20.7,-95.8, ,HU,105.0,967,3.0,120,100,70,100,60,50,40,50,40,30,20,30,1012,180,15,30, , , , , , , , , ,105,12,240,120,60,210,12,269,Aug,-0.49,-0.49,-0.49,25.740028
2021227N36297,2021,65,,,HENRI,2021-08-21 12:00:00,TS,33.6,-72.7,65,991,hurdat_atl,main,353,329,O_____________,hurdat_atl,AL082021,33.6,-72.7, ,HU,65.0,991,1.0,100,130,100,50,60,80, , , ,40, , ,1010,180,30, , , , , , , , , , ,75,12,180,180,60,120,16,26,Aug,-0.49,-0.49,-0.49,21.323423
2021239N17281,2021,69,,GM,IDA,2021-08-29 12:00:00,TS,28.5,-89.6,130,929,hurdat_atl,main,69,29,O_____________,hurdat_atl,AL092021,28.5,-89.6, ,HU,130.0,929,4.0,130,110,80,110,70,60,40,60,45,35,20,30,1012,180,10, , , , , , , , , , ,160,12,180,180,150,120,11,321,Aug,-0.49,-0.49,-0.49,22.294346
2021244N12339,2021,72,,,LARRY,2021-09-04 06:00:00,TS,15.8,-44.0,110,956,hurdat_atl,main,1513,1498,O_____________,hurdat_atl,AL122021,15.8,-44.0, ,HU,110.0,956,3.0,130,110,70,120,70,60,30,60,30,25,15,25,1011,210,20, , , , , , , , , , ,120,12,270,240,210,270,14,296,Sep,-0.67,-0.67,-0.67,25.289316
2021256N21265,2021,79,,GM,NICHOLAS,2021-09-14 00:00:00,TS,28.0,-96.2,65,988,hurdat_atl,main,48,34,O_____________,hurdat_atl,AL142021,28.0,-96.2, ,HU,65.0,988,1.0,100,120,40,50,50,40, ,30,25,25, ,20,1010,150,25, , , , , , , , , , ,75,12,105,60, , ,10,32,Sep,-0.67,-0.67,-0.67,22.199953
2021266N10327,2021,85,,,SAM,2021-09-26 18:00:00,TS,14.1,-50.3,135,927,hurdat_atl,main,1012,1012,O_____________,hurdat_atl,AL182021,14.1,-50.3, ,HU,135.0,927,4.0,80,80,60,70,40,30,30,30,25,20,20,20,1013,120,5, , , , , , , , , , ,160,12,150,90,90,120,4,324,Sep,-0.67,-0.67,-0.67,26.133297
2022179N08310,2022,17,EP,MM,BONNIE,2022-07-05 12:00:00,TS,15.1,-103.8,100,964,hurdat_atl,main,348,348,O_____________,hurdat_atl,AL022022,15.1,-103.8, ,HU,100.0,964,3.0,90,80,50,80,40,40,30,40,25,20,15,20,1009,90,5, , , , , , , , , , ,120,12,150,90,45,75,13,280,Jul,-0.81,-0.81,-0.81,27.47852
2022244N38313,2022,27,,,DANIELLE,2022-09-04 18:00:00,TS,38.4,-45.2,75,976,hurdat_atl,main,1120,1111,O_____________,hurdat_atl,AL052022,38.4,-45.2, ,HU,75.0,976,1.0,110,100,90,90,60,50,50,50,20,40, ,15,1016,280,40, , , , , , , , , , ,90,12,150,120,180,180,3,29,Sep,-1.01,-1.01,-1.01,19.706455
2022246N18301,2022,28,,,EARL,2022-09-10 00:00:00,TS,37.1,-56.8,95,948,hurdat_atl,main,969,876,O_____________,hurdat_atl,AL062022,37.1,-56.8, ,HU,95.0,948,2.0,220,290,230,170,100,150,110,90,60,70,50,30,1003,320,40, , , , , , , , , , ,110,12,270,330,270,300,35,41,Sep,-1.01,-1.01,-1.01,20.577585
2022257N16312,2022,31,,,FIONA,2022-09-21 06:00:00,TS,23.5,-71.8,120,939,hurdat_atl,main,285,285,O_____________,hurdat_atl,AL072022,23.5,-71.8, ,HU,120.0,939,4.0,140,130,80,120,70,60,40,60,40,30,20,30,1008,160,15, , , , , , , , , , , , , , , , ,6,6,Sep,-1.01,-1.01,-1.01,25.38442
2022266N12294,2022,35,,GM,IAN,2022-09-28 12:00:00,TS,26.0,-82.7,140,937,hurdat_atl,main,89,68,O_____________,hurdat_atl,AL092022,26.0,-82.7, ,HU,140.0,937,5.0,120,140,100,150,70,60,70,80,40,40,30,40,1010,270,20, , , , , , , , , , ,165,12,120,120,270,210,7,12,Sep,-1.01,-1.01,-1.01,24.210188
2022280N11294,2022,41,,CS,JULIA,2022-10-09 06:00:00,TS,12.4,-83.3,75,982,hurdat_atl,main,21,0,O_____________,hurdat_atl,AL132022,12.4,-83.3, ,HU,75.0,982,1.0,100,70,60,100,40,30,20,30,30, , ,20,1008,180,25, , , , , , , , , , ,90,12,150,60,45,90,13,268,Oct,-0.99,-0.99,-0.99,
2022304N16287,2022,44,,CS,LISA,2022-11-02 21:30:00,TS,17.4,-88.3,80,985,hurdat_atl,main,0,0,V_____________,hurdat_atl,AL152022,17.4,-88.3,L,HU,80.0,985,1.0,50,50,30,40,25,20,20,25,15,15, ,15,1013,100,15, , , , , , , , , , , ,12,90,60,30,75,8,288,Nov,-0.92,-0.92,-0.92,27.276806
2022304N34296,2022,45,,,MARTIN,2022-11-02 18:00:00,TS,36.1,-48.9,75,974,hurdat_atl,main,1221,1166,O_____________,hurdat_atl,AL162022,36.1,-48.9, ,HU,75.0,974,1.0,120,150,100,70,40,60,60,30,30,40,30, ,1010,330,30, , , , , , , , , , ,90,12,360,180,180,240,23,50,Nov,-0.92,-0.92,-0.92,20.130564
2022311N21293,2022,46,,,NICOLE,2022-11-09 23:00:00,TS,26.6,-78.2,65,980,hurdat_atl,main,167,159,V_____________,hurdat_atl,AL172022,26.6,-78.2,L,HU,65.0,980,1.0,420,80,60,390,30,30,20,50,20,20, , ,1010,280,20, , , , , , , , , , , ,12,600,230,184,364,11,291,Nov,-0.92,-0.92,-0.92,25.165983
2023193N37305,2023,27,,,DON,2023-07-22 18:00:00,TS,39.5,-50.1, , , ,PROVISIONAL,828,775,O_____________,nhc_working_bt,AL052023,39.5,-50.1, ,HU,65.0,986,1.0,60,50,30,40,30,20, ,20,15,15, , ,1016,150,10, , , , , , , , , , ,75,12,90,90,60,90,11,1,Jul,1.07,1.07,1.07,17.777012
2023232N13300,2023,41,,,FRANKLIN,2023-08-29 00:00:00,TS,28.95,-71.1, , , ,PROVISIONAL,809,787,O_____________,nhc_working_bt,AL082023,28.9,-71.1, ,HU,130.0,926,4.0,130,120,80,90,70,40,40,40,30,25,20,20,1010,210,5, , , , , , , , , , ,160,12,210,180,120,180,8,2,Aug,1.32,1.32,1.32,23.174526
2023239N21274,2023,46,,GM,IDALIA,2023-08-30 09:00:00,TS,29.1213,-84.109, , , ,PROVISIONAL,81,0,V_____________,nhc_working_bt,AL102023,29.1,-84.1, ,HU,115.0,942,4.0,130,150,70,60,60,50,30,40,20,20,15,10,1006,220,10, , , , , , , , , , , ,12,105,150,112,112,19,25,Aug,1.32,1.32,1.32,20.471272
2023249N12320,2023,52,,,LEE,2023-09-08 06:00:00,TS,17.5,-53.0, , , ,PROVISIONAL,1150,1125,O_____________,nhc_working_bt,AL132023,17.5,-53.0, ,HU,145.0,926,5.0,120,110,50,80,70,60,40,50,40,30,30,30,1010,180,10, , , , , , , , , , ,175,12,210,150,90,150,12,291,Sep,1.56,1.56,1.56,25.530527
2023251N15334,2023,54,,,MARGOT,2023-09-13 06:00:00,TS,33.0556,-39.9, , , ,PROVISIONAL,1875,1837,O_____________,nhc_working_bt,AL142023,33.0,-39.9, ,HU,80.0,969,1.0,200,200,140,180,90,80,60,80,60,40,20,50,1012,270,10,20, , , , , , , , , ,90,12,270,280,300,240,8,338,Sep,1.56,1.56,1.56,19.961111
2023258N14318,2023,55,,,NIGEL,2023-09-19 18:00:00,TS,31.1,-54.7, , , ,PROVISIONAL,1664,1598,O_____________,nhc_working_bt,AL152023,31.1,-54.7, ,HU,85.0,972,2.0,150,140,100,130,90,80,60,70,50,40,35,40,1014,240,30, , , , , , , , , , ,105,12,300,300,210,210,14,343,Sep,1.56,1.56,1.56,21.23003
2023292N13309,2023,70,,,TAMMY,2023-10-25 12:00:00,TS,26.1,-59.4, , , ,PROVISIONAL,1070,1070,O_____________,nhc_working_bt,AL202023,26.1,-59.4, ,HU,95.0,965,2.0,100,150,60,100,40,50,30,30,20,20, , ,1008,150,20, , , , , , , , , , ,110,12,240,210,240,330,16,39,Oct,1.78,1.78,1.78,24.208813
